PC1,PC2
-1.1445568160715909,1.0070647475245207
-2.4694087176395447,1.2259373555357376
2.0650611077899472,-0.6151149706200393
0.7417560395552545,-0.4532090343791839
0.10988898772833564,-2.13807158311311
2.6785390278148165,1.0995730287178704
-1.9674408985448928,-0.10351237578768932
0.264056761594835,-0.7180622340367941
-1.3912204734462823,-0.5558600407582897
-0.5522356953242545,0.8491688575061798
-1.1525277592277439,-1.737161232691273
1.9831859516022303,-0.19415972943804827
1.8576094948773223,-1.3566296721715618
2.1296373900958914,0.3846984151092751
2.7143725856126175,-0.004980145726232187
0.1726222250055611,1.1577091837820652
2.0218524396965365,-1.4931888148403507
-0.18248581605860287,-0.3396601032065505
-0.8427599351881522,-0.4346413041345656
1.6459384675566833,-1.7734522456648754
-0.1788490955937854,0.46550334054907994
-1.32724606701088,0.40712056875120417
-0.7559202696212245,-0.27618314821457396
2.011609156466739,-0.5706151749101012
1.9218071475451821,-0.43935502040374386
0.14889920515796967,-2.0173107302704167
2.0932484091411037,1.3648915495155063
0.28567560099314254,0.7922553227973841
-0.5588090951594229,0.4061394793056794
1.8238959508254435,0.37414504155391864
-2.0091580081043063,-2.0273989464615694
-1.1603178269022048,1.6946262444816704
-1.331992478281125,1.1174877691661775
2.214828645242151,-0.5699002410593299
-2.6637748397718424,-1.5598498556729445
-0.7240958923695908,-0.23727067825202725
1.8966669643175946,0.2951154267490311
-0.07073383251274874,1.1054876598185368
-1.4801627606912202,0.8379585796870261
0.5050757468456355,-0.4294522812214632
0.28928607880734913,0.5086879385764074
-2.094132373743061,0.1054466000652489
-2.715803349538883,-1.7054377897672648
2.26560930863944,0.9708724919835704
1.9581087464387035,0.10967220152387515
-0.11698663440884645,0.2961818193332101
1.7800519077857893,0.36395268919825025
2.1256544402424526,-0.6186622990415551
2.058930612895474,-0.9478095908053678
0.11847565498084076,-2.0501090764098753
0.12237127071155832,-2.030229643070485
-0.6666143465561108,0.15222886986752704
-2.636375668467785,0.12519146579788637
1.8824417132169387,0.10851590055227492
0.22087492944805714,1.3794652029234198
1.9389416780961273,0.057274954681756876
-0.12837454945838217,-1.41268200837509
0.03768547946839874,-1.2621400752850938
-0.6377349938633907,0.17897829733357357
1.9564387214587238,0.45758063923665293
-0.6027209987782776,1.2393374809970972
-0.12859374329511963,0.6023794852265422
-0.8328263449665266,-0.7893528196578082
-1.3131140815451414,-1.4670620927008595
-2.6732391001329607,-0.13755522666839265
-0.13911877127162728,-0.6403391791992774
0.1292338052196158,0.5764188071047197
1.8160242901871757,0.8946511324933522
-0.7308974612257103,-1.6180430087099873
0.5461075031836188,-2.912161793844074
-0.34096042477681066,1.6984278480552688
-0.25201359628049935,0.25709398796744054
-0.03152431312159701,1.4907422384256637
0.9801468767466064,-2.204564089524356
2.125940361343803,-0.02676825821725706
-0.30966510639480865,0.365044356355961
2.068810615093972,-0.3688902873763426
-2.577349666237132,0.9594939200429419
2.0104514789678483,-0.19632096242426955
-2.074494964089044,-0.3872757070365157
0.5917900317622741,1.4535473039014328
-1.1196364119261761,-3.5329545268630884
0.166338499818081,1.7170246018091102
-1.5221473884247183,-0.5167193355767843
-0.03201413020884246,-0.32009978981359793
-1.4016866201671676,-2.1299640481933864
-1.8371803676480452,0.35209633816683705
-1.8623189113748648,2.15424754938488
-2.6924988574691446,-1.9606781318026298
1.9974633588807218,-0.8372638212406281
-0.1854930826399918,-2.571668729454134
-0.34246831046872583,0.7175719507818502
2.1380042631743663,0.6306866700877454
2.0220148662350383,-0.8196340164934655
0.833937149199955,0.956551103389989
-1.1101655856866681,-1.2314242499887111
1.789846640241476,-1.3059826082434962
-0.05110887480526539,1.2870794692076633
0.3445053612393827,0.24780573905674075
-1.0623658917590602,0.26422869016485206
-0.4841781295410523,0.8733987555014396
0.6292233696841352,-1.7048532819893998
-0.6999973175610542,2.17685392986669
-0.4942210910816904,0.5121362006071235
-0.3747403780565064,1.568983684786329
-1.253316344210697,-0.5953476130023255
-0.5086104881200666,-0.802681622168754
2.0798212943017367,0.33336262461615934
2.108171394011191,-0.9185754155940392
-0.36728032615663103,1.1131888510403578
0.3335136361828099,0.8513477002674817
2.081216061822213,2.844884042256309
-1.2896975592777384,-1.9394293754008058
-0.04397071077825342,-0.09944648296730091
0.6343566627994761,-0.4531908257168589
-2.252909890298527,-0.42788849160726
-2.564798630889017,-1.8938077217428355
-0.6472819166227864,-0.95986633807223
-0.3605149775455179,0.018529695881894633
-0.3788454521864681,0.8080837529257092
0.49272554942711166,0.9730844608756745
-2.1882790677065347,-1.9006901539509495
2.0057309410224504,-0.7039463201160416
-0.269109200505047,-0.6488909921656721
-0.3194042571638161,0.676615502595527
-2.230437874729133,-1.6769872890776116
-0.754723458181821,0.17297073066223417
1.9813380810782855,-0.9497833789588191
2.0223488862316508,-0.7431520221173216
-1.461824964074422,0.3724544405302003
-0.18126541101366692,0.2697496738089712
-0.3235808455265124,-1.640554911931987
-1.2909115286079687,-0.4770151775522038
1.8596242641900007,-1.191719992718328
-2.39308649939177,1.30112541781132
-2.6937729025703265,1.2679854451232113
2.544473403032366,-0.889498481024278
2.130850159836834,0.3312883322795044
-1.4573260132734362,-0.9344642056018168
2.1127504683834637,-0.5626374776433954
-0.5960567162131382,-0.18937992036901527
0.13686236291056614,0.9911579094064511
2.720742335250628,1.5067430602614609
0.5742422593610791,-2.437953309206379
-0.2878254857342067,-1.4840584019733851
2.0173469891908193,1.2341170871247313
0.20568227671298048,0.4389181576903456
-0.26127699260451215,-0.056562362210616446
-1.850455488405234,1.1401660553523756
-0.04984429999444837,-0.11076888969128351
-0.5238658074703791,-0.8240420535508793
0.25047092340581967,-1.311099426006253
2.1535903217482053,-0.9620740707926165
-2.1788687944052785,0.011867789053995827
-0.644599744186517,1.3863676865521726
-0.7734163216604285,-2.0465223998737665
1.924483927247588,-1.7620919989871189
-2.226573908818151,-1.3211001598923913
2.0097069054404386,0.602714120131623
-1.5285465459299254,-0.8280895952700358
-2.164623913356358,-2.087872439742263
-0.5055196642400509,0.6784061185457112
0.35635414979952934,-1.4017879940248161
-1.463656593940808,0.06586864772563457
0.4155646571306803,0.17963992035562132
0.8122954362711442,1.6742207892701513
-0.29164734036295187,0.9385129740178509
0.3867416568568871,-1.7693561605238177
0.2276593025031754,-0.12845650539790512
1.9943622622725867,1.0302500274455892
-0.13075889520108985,0.38464073044698577
-0.31397633932937535,0.18882439966536063
-0.25975073003866,-0.4914786069821331
2.091577342457879,0.1061854252786351
1.8455942950259192,-0.21469371041584284
1.9685673469277818,0.3895898875770058
0.5307084344332849,1.825464536997925
2.1966088673118263,1.370034963768131
0.5243351434436487,-1.3342327501999747
-0.13790069940587188,-2.6539892081854304
-2.3948336285285023,-0.6930449865917331
-2.4631974333298485,1.7609204735454609
-0.5631021065769244,-0.262721722553126
1.8736979635512914,-0.9178030317462044
-1.745732403209226,1.9487342725169807
-0.4800800150168881,1.195872948861625
-0.378255284736195,-0.8412342082060216
0.7714668466027681,1.3206720456660908
-0.3815225151112123,-0.3602917227069833
-1.0445843592661475,1.7042624901536632
-0.35343871078189554,-0.11769662343524022
-1.8438851876913174,1.82261196615338
-1.9286357534518759,-1.0649990843743706
2.0565630060370337,-2.0384714543262374
-1.022261313281236,0.19599688252603342
-2.257787218274143,-0.7560865435701208
-0.3507779970634179,2.001716233341894
0.4763168374832333,0.18555470306551466
-0.2672444199090291,-0.6180838456263256
-0.5025540586893645,0.36137421269933373
2.141202881480536,0.9791696583219154
-1.2460516409659417,-0.23838090469249254
-1.1673029122268703,-0.29537018946823873
0.14187624444528324,0.30844661212418717
-1.3900362377858542,0.8237654406456357
0.5269538489446972,0.9211816369765473
-0.5408667083160695,0.7896454319237772
-0.6998058400813292,1.7220866529804477
-1.8945448094050126,1.3506416823445395
-0.05990921949909816,-0.8081529724834293
-2.3003745650575578,1.0766630248518096
-1.6422045609352083,3.0282922049589733
0.7849068999073398,0.258070054194922
-1.0299174266855218,1.8246941324813657
-1.7992283514248066,-2.0749791099755126
2.055462469166284,1.3655366600529621
-0.5380973543860965,0.35331927159200854
-1.752385567193012,1.5010097430790834
0.008237957562286036,-2.2957411874608797
-1.4013878857896387,1.506926448726781
-1.2133015945883594,0.26270364906070287
0.04065899929247822,-2.7534672730703895
-0.06322121677370092,1.1925060059822736
-0.32853700522116813,-0.8717734195277186
-0.019227970970073834,1.7369486687717521
0.1419205494703315,0.005452701768479186
-1.8082200530890915,0.5461888617662529
2.1778959980968424,1.6215484413656838
-0.5572742344421929,1.1136661608285618
2.150827767076604,1.0219335370948963
-2.301192987306456,0.622589302059349
-2.146145350220647,0.418068236050212
-0.28158791530116273,-1.6785569903442252
-2.7583630562151713,1.8210551930680103
-2.140500820679803,1.02286509855518
-0.5491605533317475,-0.741701510930192
-0.2887528107539523,-0.06825365684694902
-0.5037849908916495,1.9498119035813473
0.35108353678552034,-1.726694530191935
-0.3049640852314225,-1.8686433807284055
-1.9428426847667972,-0.34962295843782243
0.7912039583861499,0.5759225983832679
1.9572378319233765,1.3145122493514962
-1.2088902440389873,-2.023856677503461
0.25781249725310024,0.2004948874312055
-0.5809939957967802,-0.5630788201072117
0.8085068742660576,-0.2016604858711637
2.0154556018438123,-0.6708952355553562
-0.5523430374914532,-2.533399630255308
-0.2998827768381169,1.998990338318846
-0.9342402138693024,-0.8140868766106287
-0.7656545952814482,-1.0012212260746243
0.24732653429858129,-0.254108336612819
2.6905937286658594,0.6490167879257346
2.6013006048816547,-0.5903601421808119
-1.2764162028836323,-0.8963949411860032
-0.8086121941564213,-0.8839574998024863
2.750588921090667,-0.4542770022924403
-2.566249734070079,0.995437365701481
0.0257676365453055,-1.6259129266593628
1.9552898806811656,1.3485524191659422
-1.107906656281812,1.0476997524938616
2.012063193870732,-2.1530967885236088
-0.55672733142955,0.12306352239109282
-0.7739952366955858,0.5030648816645199
-1.102394206830992,1.4597780447525566
-0.40490157098867047,-1.6158602412702603
-1.1746983365871433,-0.3961181313949255
-0.05208347483746118,-2.1786394253998393
-0.487538799330047,0.6726848179898661
0.2793307552428166,-0.982718395548131
-0.8868399292960465,0.9438723182872129
1.9689150384453924,0.051897918967273256
-0.6625774545009646,0.20887080678221476
-0.11237451727752769,-0.36898876110957757
-1.3560635445541596,-0.17235298641261065
-0.022691158256643133,-0.5264919827308066
0.14816083305403616,0.00289990557112453
0.2704380384123967,0.7508615591260839
-0.8182945699778464,-0.0448044614857397
-0.6880459120652581,0.8035661117610149
1.1982804511670149,-0.3470781186007176
1.823015330798201,-1.9689919877556135
-1.9554864804073533,-1.2528614724043745
-2.820127169036691,-1.3050325082724517
-1.5424733229996301,0.5098330331060379
0.21605518668417964,0.6058032764175081
-1.796933666742662,-0.7717372271472943
2.078189106799612,-2.4098186806229456
2.091339349218265,-0.32188196957872234
2.0008813293808108,1.3918167357960005
1.9930151837802668,-0.19580411344150195
0.15660927073754632,1.019565395413312
-0.16573565115891342,-0.9842806758239191
0.7792121262861018,0.9696333930566822
-0.7121115405914717,0.21052298398576447
0.525685167025088,0.5597330577044412
-0.49124215511292274,1.062100807053104
1.895152963945397,0.24579315653062006
0.0009340055284341793,0.8619678311552341
-1.248418764228893,-0.9478703031361025
-0.7683097289541687,-1.92527874426146
1.8376326730568155,-0.5770732299592813
-1.849185555625796,0.47628298037588246
1.4790076662218314,-0.25853364682702545
0.21853121110412574,-0.022601514187018168
-1.6089458713821743,0.6196859586648402
0.056241303969790636,-1.4106131424562944
0.3878251534458208,-0.30143875972128664
-1.896737290860149,0.18509184109337806
0.6076852316904601,1.1658205855488217
1.964455103308492,-0.2661154041016824
-2.761082928208461,0.6083824463922041
1.9878982790763304,-0.6695769985802512
-1.3214704102696044,0.4087211428044568
2.1323306807045164,-0.06655471979221309
-0.8913534623677299,0.9496911168344393
2.2081151743472693,0.9279472804674711
-0.9501316174178049,-0.24143836746596137
0.2128930700458431,-0.11828466350504376
1.9538387274043514,0.033754585246688076
0.09727067693836484,1.2328656515321694
-1.3639206082791997,1.0093443134580744
-0.8264263352813902,-0.4938601234114829
-0.2116020875054841,1.0336610308011542
-0.7228097710019425,0.7846347086471022
-1.9550638903737605,-0.050447605415319785
-1.1437576776082685,0.11403972758849182
-0.5097023530100371,0.8379911255237125
-0.6238371997842502,0.09680233894958169
1.9181835849642588,0.10981361301894946
0.058416261437543866,0.6368320666863432
0.15997557358442727,-0.8641892990214604
-0.357398172781466,0.6585491955313622
2.0152296954868847,1.0107710134240337
0.12542705640835838,1.1553293325468694
0.1738429659894439,1.0872444582900427
-0.35517151794739427,-0.7256753957389755
1.8134678621112597,0.29314805852521064
-2.3247583786520023,0.5842648902031156
-0.328295684914374,0.135977552581517
-2.3306746820121145,1.0443006161460222
0.500825498807799,0.7235437229802055
-0.24693177019620582,-1.175785709142781
-0.11963877250458353,1.2689037384706328
0.07312511801130488,0.8682324518594818
-0.7083684822981926,0.33714225924524405
1.9641807447178137,1.344859968877861
-0.16656133556183306,-0.1614929472711185
-1.0722971192962318,1.611256373291997
-0.2513557937423346,-0.29498506913209055
-1.304109125286353,0.488995390641342
1.8084022125636077,-0.15617519071435185
-1.7752996958721254,1.4765138088479426
-0.48097015696271767,0.5058495526999737
0.04630845803654838,1.0766721763655192
-1.6812052987708515,0.04972994969313772
1.7891826346302622,-1.5030951260854246
-2.225683427390411,1.3806210417237135
2.0806267640415714,1.15685880988534
-0.27274179195485343,0.5248166147686827
0.2867435987689527,-0.534098466956281
-1.7326723350984155,-2.0013226068040613
0.06751626931856876,1.313659872199262
0.843065140706181,2.8814816913540655
-0.15372491657119702,0.8070185769385424
0.11107581410721336,0.906573484253374
0.27177217682786386,1.1922757756406865
1.8601474483556881,0.29484924771963217
-0.23817556959375305,1.2512080043916207
-0.47514985646972546,-1.653983956125159
2.0727309801509475,1.024307960011571
-2.5386242916239548,-0.8458642696391732
2.0299428745636328,0.07970591706998481
-0.3311677464020958,1.1561787098720397
-2.3310616517021856,0.5391808351425005
-1.0893544896332525,-0.17135653594979627
-2.346275525921338,-0.07204371806045069
-0.4459475539758532,0.3669331182129111
-0.3870634619535645,1.4448681992125147
1.8108775906361796,-0.866899379867125
-1.3639673122336322,0.40139496006031855
-0.7319981925754945,-1.4870636812904734
-0.6132131498377693,0.7206729667101421
0.48144280352923036,-0.8951211084391676
1.8166377980020438,0.862841768049865
-0.8676187310003947,-0.41714602814105645
-1.1925625841287735,0.1658576099669762
-0.09571138163649562,1.176996950144369
-0.6369952951740366,-0.4928731887488974
2.188595227784521,0.6990952655535263
1.738223287939875,-1.968352321323417
-0.29823780046104287,-0.723652267675366
1.8476923294681673,-2.1194616869870546
-0.8001109813864038,0.4934966248651931
-0.7891667557422856,1.618050636227385
-0.5329480223248292,-0.4315674525737543
-0.28818860735288204,1.007271784330682
-1.43899368498133,-1.0341943458925535
2.1333525502386177,0.7558053435321682
2.0764364251075396,-0.5627094673012085
-2.0015769097589846,-2.30732911136587
-1.501122767243766,-0.24816082243512144
-0.2267187582442821,0.9618190190655622
0.010475812359991628,-0.028328520413459006
-0.26414805459799695,0.05407441167709416
-1.1408765291774674,1.117611733035227
-1.2760193119989456,1.4359832652602493
0.10736337063369389,-0.03335353635026879
-2.4599375959569674,-1.388200352289245
-1.40192181952327,-0.7357916460340707
-0.6807055530983344,-0.34870771988075466
2.534203460302456,-1.159814358825194
1.9946051601393693,1.2721386418120748
1.770483577922783,0.3519818138131093
0.003126934947024768,0.0546252207211545
-0.5033740104114944,-1.5863509152793536
-1.571721288684199,-2.2353035604718223
-0.5028313725630085,0.8035837845583061
-0.43287951058118473,1.3780183771815468
-0.27844048940845356,0.19806084303665183
0.23479926698885373,0.24781911684608665
-1.2861713839796238,1.4736099234813493
1.9282694413055022,0.22506909369998576
0.35531222521308037,0.7283849462896052
-0.6479539900694019,-0.6369269452727451
0.06573796778112402,1.370970829235571
0.014152129124994904,0.6219378707061439
0.9116082297563883,-0.3680285691468857
-0.9031367820201557,0.3389568796570835
-0.1510797360365412,-0.9119349877737221
1.7890806251607552,-1.1810537856317609
0.08585489506382867,1.8321444998381304
0.5089768519180137,0.7060117122599812
-0.3157663939114328,0.6520015436106801
-0.6104949862596315,-2.394978932112096
-0.4809601227859098,-0.10581345123956108
-1.4182221178744612,-0.46876828513775315
-0.2896212626181611,1.4768105916605685
0.09530593740016753,-1.2046247853624883
-1.7010014636623427,-0.8860909921836628
-0.2895628090850279,1.2339852569332161
-0.3617102929133706,-0.27567928337173353
2.16405957551959,-0.5582652247970885
-1.4187956440238452,-0.6177791296748496
-0.7305234071384306,-0.74625833540531
-0.7933992316498389,0.5008973145507863
1.9924040263110447,0.8344687730255472
-1.6837904695676442,1.031214261622257
2.26338621534779,1.2490397395878141
2.049017305481133,-0.521314452504188
-1.1584094472978341,0.6654935653283501
1.979558213991372,0.7216688716152826
-0.43987548988399466,0.28541218620110265
2.0975499837862546,1.1888507314041599
-1.591948062654168,0.7904560693913708
0.04786029734721927,0.7585970527297488
-0.3323198804044709,-0.5741920369900251
0.6061928390803036,-1.8159648984939882
-0.3890940026606421,0.5722873535421162
1.176968229538393,-0.4585148689347231
0.48304859374477954,-0.20701211207288
2.529182464478054,2.4265089332495
-0.1069243345026462,-1.02905768180107
1.8949607004615738,-0.0721851555874062
2.010244929160779,0.9006765519485113
-1.6892621965811727,0.9562700651922964
1.8387908659654648,0.6402366379235434
-1.367582068835728,0.923173924535394
-1.529093573308167,-2.227454702601164
-0.14495775779787665,0.07221696055835371
0.22692271067970904,0.4942435904940297
-0.13241335842964153,1.2730691090137267
-0.23461366967529867,-1.4091243908766993
1.9469492624984013,-1.0154743230252559
2.5847098199526837,1.1749730263282752
-0.7958631580528637,-0.5481818482182717
-0.4180838170653678,-0.5410240803993228
1.9620378887891565,-0.45754886999479644
-0.2648000654261113,-2.5726568240888756
2.6831999530907025,0.8492130692375723
0.36242018231008083,-1.4560184293323921
-1.8485182489570045,1.6489058421715854
-0.27192995486913685,-0.3409144790192439
0.022262755746047084,1.2917181710310328
-1.1704082240562361,0.2676866533496944
-0.3127372381325039,1.7133368637313193
2.0726007870656673,1.63793993213636
-1.999960825695492,-0.13437463118839618
-0.2688344540340088,1.6933329999774118
-0.4139282120232479,1.0955575690041484
-0.45495235504063003,1.4944088509361244
1.88457083799808,-0.2009491712825874
-0.6454166709059821,0.6522074200708834
-0.6593276707132166,-0.8887382793027762
2.0283616229421844,0.8583745212836844
-0.5265082740722167,-1.3763682549443328
0.13864532999293636,-1.6557089041904205
1.2191812057351155,0.3693317266009693
-1.2334802763101536,0.5761594047748314
-1.2554464543586912,1.7443131100495708
-0.8812092534475304,0.46322212627486903
0.04525358773830272,-1.1348489064634153
-0.19666098756354047,1.238964900392356
-2.5667702749813626,-2.9365264441942434
-1.5317199796710181,-1.647897446535417
0.4017176689177789,2.158906444538829
-0.6558245599157395,1.3280399736997313
2.0823704257274134,-1.2711488352477678
0.6767490973422793,1.2303332270356724
1.9990744411346748,1.4769516128775708
0.048348121993960345,1.0712260258365387
-2.0669803915067906,-0.07054028548985289
-0.3474825557758959,-0.502498343576199
-0.006616783498261857,-0.36949846315706353
0.7788187615990001,1.5421652566749675
-0.4497151983185767,-0.7370822423822708
2.739168258194278,1.172164455273317
-1.4068292083336897,0.49783726240446896
-2.946464665868197,0.736697039094285
-0.8174126878630396,-0.4734593906977598
-2.6591945133178427,-1.1736986889993513
-0.18404491937271056,-0.19893406503514371
0.06081119413616701,-0.5072488728923895
0.8198766350968393,-0.30658507391890866
2.2111111672045283,-0.18971001236509163
-0.28935959598103705,0.4003153845609432
-0.25605008179931543,0.705735104559248
-1.0481573164548574,0.43617851150537534
1.9685596450968772,-1.8068819700468786
1.9851955341001941,1.1086018299989433
1.8869522079499674,0.49063651822787646
2.445652239847802,0.17701669763338984
1.766271613543454,-0.8863349497023887
-0.5757729951605021,1.723338537312251
-0.3609724899129843,-0.9417042469899729
0.479776200919834,-2.5172469046248374
-0.2385878463502819,-1.02172047598495
-0.10552318990114466,-0.3420798525492756
-0.5022886918862239,-0.09505978105771586
2.2590179040924205,-0.4229335846763456
-1.2251310593311608,-1.7836892187647753
-1.3434989669684103,-2.0992418478108648
0.1602083500987314,-0.6563743535011636
0.6584855992338716,1.2778423093491103
2.621849521269739,-1.3401414227230455
-1.085157229625434,0.25030219317173236
1.9032782160281518,1.3261662136811316
2.0181993623375907,0.8043813266348345
-0.8984979459670536,0.1414336748279121
1.5074036570017562,-0.42814795372292014
-1.7070423524476723,1.4967277496697498
-1.1866031343174046,0.7103076261645734
-1.3519903204078008,0.5650331860449583
-1.3109061006454206,1.4960512390064442
1.9657360747633548,0.5445383024595465
0.2320050914059269,-0.7368091607734303
-0.7791794208134162,-0.4903541137478632
-1.9244287443942034,0.9557450427051501
1.8791633161336718,-1.32995398948314
-0.14434051102782933,-1.3091175194359137
-1.3837544943756375,0.5927194358139359
-1.3291544502897685,0.12908464668780098
-0.3084249895461839,-0.6699652757909488
2.1847196253520287,0.776087818439448
1.6994538466427613,-0.5990232283562964
-0.7009841407324574,1.0011928489450697
0.21527258648361658,-2.191968955723199
-0.34698455297509107,-1.378941024086013
2.0255330341749525,0.6481814365184968
-0.32196608151372436,-0.026455406072806706
1.9482792134118363,0.12209084890764384
-1.0989775058570423,-1.0329766879401503
-0.1934639291731476,-0.42358864913642563
0.08931892586759285,-1.9453000326073582
0.1556967999397225,1.1027650855073439
-0.6303422476116286,1.4767328738059056
-0.8355832465256448,-0.5632855869046439
1.9990888895323615,0.8024652066900183
-0.10845639164247832,0.8940870647284
-0.1369532317370232,-0.5004086074193578
-1.264663989517223,-1.194841752600666
2.0176575854060683,-0.7980380013734761
1.8870759280949785,0.5085900755436196
-1.1943833017384171,1.6913816471064462
-0.9150234383735933,-0.7254983024644198
-0.41563817840326833,0.8072398833163617
-2.656436462425465,-0.7845170302530746
-0.26614188728675164,-0.812795665829661
1.921386449247171,-1.033963451268123
-2.5931858705955073,-0.000703715941500954
1.797303333875001,-2.030750700180472
1.8229308298863287,0.8828183524845232
2.183065400591251,0.9926240595919085
0.44297953651442407,0.9079241148285413
-1.058671435590112,0.7428524265674253
0.11310084770072738,0.474853512729558
-1.3096456259697573,1.1270013278345459
0.11516856467541918,-1.9934925935974717
0.662546768749205,1.022929712943888
-2.281158213593106,-0.3876200908377928
-1.28114377345874,-0.8977461085291886
-0.5007992849569971,1.2447409711877213
2.0904495488097363,0.19954666732057744
1.892538835856437,0.408801696885072
-0.36657094003091323,0.28038624582850347
1.2852210893242737,1.0166429553405008
1.8696806069618115,-0.6494733722024417
-1.4553338824177455,-0.035425508362684835
-1.0774264462620085,1.2206448592062353
-0.4312855421674116,-1.8025661337541226
0.03671421481219131,0.4935950187299716
-1.7020723282553336,0.5430512666832806
-0.6466590888813045,1.7585857127555022
2.0291072807688613,-0.9192915224996886
-0.3293541421238155,-1.7710651913809425
0.4747763386277015,-0.9485689296825136
-0.6621915385586649,0.25358906293782635
-0.42305301206298557,1.1398445230048313
-2.449333909143188,1.3980055532360156
-0.2873941806385105,0.4548674420118943
0.4457171626322701,0.13693073131086023
-1.4091544987918079,-1.851226727765631
2.0796301704700824,-1.7588023049730848
-0.7663886460225438,0.9010074135041422
-0.16153203233288738,-1.2642979139343737
2.21698516842797,0.49014738125996715
0.3507125042021315,-0.6333652034366353
-0.5100470640334275,-2.0930450773772615
0.30655243287312,-2.175056048635798
-0.24124223558063293,-0.3440751915298776
0.9005798259850678,1.1712773743442315
2.034513757656591,1.0465241784600865
-2.3238072878144975,-0.5295447176295288
-0.7744509813567069,0.6802192408872934
0.6345264708761392,0.17603096735385604
-1.724796957088169,1.2596691905478867
2.154013475188799,0.8022225938411546
0.22343180552188638,1.1581557058445402
0.13604892699749443,-0.5552897784593389
1.898408766998252,-0.564395813521048
0.28427745539866395,-1.3250311688776535
-0.03450202392087361,-1.7361884672787355
1.9094471527810177,0.17706655589205622
2.744170460110736,0.6284750442753654
-1.291909437848584,-2.297563026957106
-0.5881912145576126,-0.7937104640768923
-0.5005286180925846,1.2611821729458599
-0.04129206557296327,0.27683306742755115
0.019770566498427164,0.39758606543158675
-1.2609956368619826,1.1816959686221933
2.5983305702568646,0.2809052367027361
-0.09558815283744167,0.16708905117033807
-1.4145530647426514,1.371665907687459
0.6082280998077177,0.49604967511518944
-1.0203701718410136,-0.8360640858946792
-1.1452050173973078,-1.4754301786746826
2.655307263271311,-1.2975888945407192
-0.6069692308792486,0.8461774774925754
0.23935254204007703,0.6696379222352755
-1.2967594927062884,-0.5644997440839045
-0.5764559437771068,1.5606164162465155
1.5019235805671813,-0.5103623175173382
2.1931620666599243,0.8461806935409705
2.0315858129417803,-1.2609910850867971
0.1586800315831311,-1.6975489281113354
0.16748476595962317,-1.2375650133180474
-1.5791330655328475,-1.825626447242966
-0.6635120814079898,-0.9989897694878036
-0.7095106366914112,1.4781973865374245
-1.6848639802339926,0.08298567641356588
-2.753086045879626,-1.6338737212354175
0.7278914783552353,1.795682269153863
-0.22143080213976388,-2.1389532389628356
-0.68015526636958,-0.2693181021285545
2.098852167612468,0.7331135435044223
-0.0909685435443005,1.3347999810115514
-0.7129736045931823,1.423333853958314
-1.6517210162339966,0.56788112210102
-0.5278607467708905,-2.1802788038375063
-0.5969102077991818,0.8437071497277772
-0.49940132458708353,0.22102779497904798
2.047019011452897,0.07548211548806977
0.7333564520293753,1.0967656277181879
-0.47357749681239764,-0.24086969143698567
0.7119257728034527,0.26088636900882733
-1.0047294021623157,-1.1542203083222575
2.129174348228144,-0.5209837234963351
-2.0758455578631243,1.2815161458737585
0.34071730052255883,0.9188296203413532
-0.48684028074611374,1.3149850277291297
-0.31356996634332235,-2.5488551277618416
-0.8341462004595199,0.5345910771894329
-1.9562427832324405,0.8042353955069325
2.1137659325833127,-0.8335718948295759
-0.4284438028389829,0.908902241769053
2.0812650356862803,-0.21359301623473642
-0.6426045414409891,0.34914556250365586
-1.2264372634743175,1.0575953454431144
-0.13783055822789508,0.5345702237204418
2.082299763109935,0.5431735997591369
-0.5672557620110232,0.04943663330544405
-2.4618438076593194,1.51111803898803
1.4639611278785856,1.420823125421679
-2.120083619706893,0.594888615209507
0.2831229966896717,-1.7807797041563582
-0.13575910844019679,0.35670560531655116
1.8599638337529598,0.6228450087884151
0.2671001223181929,-0.6905426404177437
2.025881049238613,-0.00812184649954074
-0.3185267780647991,0.4932886593157991
2.0648632521170254,-0.6615348031141202
-0.6603826995334608,-2.0376417147775534
1.9269469131913333,0.018081309988395165
-0.3024338719601439,0.6879744508497126
-1.018755026330059,-1.9638958591319848
0.16586904775999028,-1.0822759373107231
-0.3702098582672666,0.8381847500629344
1.8597812424615214,-0.06064019529774073
-0.7452932048457352,-0.5258113725239499
2.7614307681748422,1.3258528543157795
-2.0892976162310473,0.3619709383969022
1.959531422810313,-2.166968692774394
-2.0811754127719286,0.9012462985781797
1.9700079319841082,-0.45792317800682714
1.9833977759792512,1.4519160981106456
-1.7117092677246888,0.5462960072123664
0.0860608073163732,1.076766746428982
-0.03561082119129428,-0.29229519463148906
1.928035855479726,-1.4999460161300715
0.13475447328925566,0.26569356851017445
0.6796477632300728,0.2782657172235153
-0.30699401550970096,1.5064851682159017
2.150903521721567,0.01708121274043616
1.977448711702581,1.5122101446678955
-1.025885789362488,0.1564165271242589
-0.37327755908860955,0.4079556018480899
0.32689668759049056,0.6576970985656161
0.31761120862253994,-0.9939569939695004
-0.08711394582869408,-1.4237617184120264
-0.06203549513105684,0.11755501981278353
-0.5785059256489522,0.9939645774366914
1.8938869713226412,0.9852975323771865
0.33052545391651883,0.41753178623008935
0.06212014189749168,-0.5515282849919585
-0.28656481941812956,-0.6262839087206133
2.031679192716686,0.6708048086651933
-0.5394985312962964,-0.19223266843438538
2.075666951114754,1.4034667276642294
2.1177219250533286,1.7159187303449002
-1.019929799977881,1.5368279904593052
0.34546518681083765,-1.633627112949401
-0.39482139965431345,0.9715523665361634
1.8091235112044692,1.0656738985679666
-0.35135753902603395,-0.11652817879151321
-0.11052919064011671,0.9018711667896355
-0.5470483649531007,0.3056935799720151
0.40168528717592017,-0.7762991732544017
2.086486539474198,-0.39243232453098403
1.789844332060253,-1.3721491807246635
-1.9792744382448342,1.1631443262736931
0.19944266965696472,0.3526309283652172
-1.0844143518343277,-1.2409244069317151
-0.4059279497390403,-2.4899162121004315
-1.2180390909066237,-1.3504873359733778
-0.35132628958836215,0.48618739319183
-0.3696097252250412,0.21666665998355267
-1.7905426150105916,0.44701952772955467
-0.5432637066562221,1.4462722992469623
0.05123767216981781,-0.28828814122991425
1.8215352212561853,0.5562548375364346
-2.645578177916986,-2.0279319672755514
-0.7034042370414143,0.6621416681372506
-0.45333562208413974,1.1309417471147847
0.0040471918007891315,0.638251445717048
-0.344627458068581,-0.3317170507043539
-0.7637422561409045,0.3390761503079281
-0.22526109300230857,-0.3357319165853473
0.05041753443624326,-0.20823886467978092
0.01359649684877496,-2.651675775247628
-0.2592021940476863,-1.5360987635129157
-0.2664319667908878,0.29803232333488866
-1.4870230037548395,-0.04375569850851309
-0.9733955443200123,-0.4926797808582913
0.6334738889032742,-0.2683829333628391
-1.8585746414468711,1.524821393924963
-1.265762724498179,0.6212906886000903
-0.6088576065800018,0.911526954041828
-0.4756834297814288,-0.02210263157630281
-0.08721169793911528,1.564582694897333
-2.3340264367838492,0.12491168286796138
0.41482480253963583,1.0926410177048473
0.5620541294247293,1.424638845419139
1.9514346326627254,-0.8880377395004232
-0.02194946434650433,1.1143781295504571
-1.545612291488033,-0.38268996893862395
0.21292304258536932,1.0363928670894955
-0.025268863653950754,0.7219200150687245
-0.16778526904776317,-0.9546834252105141
1.8666212687453154,-2.469818586497548
-2.0554472399342276,-0.07677065180403786
-1.096011139889097,-0.05076163805747433
-0.44306746905586636,0.3982117684408284
-0.030542452113083093,-2.0498287765745293
-0.052373383582043624,1.1801548806707918
1.9706352104914397,0.933515152913126
0.47554911377000586,-2.5161939221954643
-2.3381174246636234,-0.8622322508313003
-1.8070716571042957,-0.8649993535354847
0.07471853889603629,1.0420873915866276
1.4241917033115519,1.0113169622059808
0.7724437995320752,-0.01493462659877674
-1.8087823701207981,-0.7174830764029858
0.3316815640216296,-1.9581626051989922
-2.6189656731008943,-2.356794749526334
-1.1820676497451967,0.3631247164382953
0.533246760342103,1.0933598856230764
-0.8339752847284064,1.2321696816920293
0.15440448379584965,0.7009154377745456
1.9750127677459028,1.0880079825417142
-1.2914839512608909,-0.299930592185437
0.4036829738516653,-1.286165847402825
2.5925201817563472,-1.1965896423915414
-0.5687385308724594,-1.458195291494706
-0.3482037703235385,0.10323663860248576
-0.10376930990146688,0.028348384570774876
-2.590642429220742,0.6170442738131054
0.8860379763077978,0.8719624056256405
-0.27332470642259016,-0.3241535236008681
-0.4528870385423313,-0.3085712021622759
0.34476306832077747,0.540780331713788
0.16295980339961527,-0.2449381733300434
0.20652263292311704,-1.5209081414943597
1.7952704229016023,-2.3749207963055605
0.07750586671009634,0.9938112882079325
-0.7028848545022647,-1.1505046977483018
0.35049367981477786,0.9779994356506416
-1.7666489030997925,1.6007051304953663
-0.10615627345251001,0.16958987008611429
-0.0032045012628477065,-1.0977583505788175
1.215915240684075,0.08486043935509846
1.874261024962709,-0.49744792860398623
-1.7672699807770131,-0.37048631942099264
2.0885362248948307,0.5077364930667542
-1.403312002748126,-0.7822598782905515
-2.373328942807911,-0.5257472740171817
-1.7439285466489525,0.8250764612736661
1.9902554319080767,-0.3933783791044416
-0.326527006648107,-0.9161016845918767
0.5371511813186721,0.048873125656165015
-2.5980663331082634,1.5488936848069303
-1.556331983363179,0.003791880083897441
1.9845075479533147,-0.8221945329705899
-1.484122870683941,-1.328504900024137
0.08224739397235394,0.04796335639183772
2.1354798673223168,0.576094084450695
-0.04265457919770998,-2.702194509531234
2.2019504154124068,1.176452517254291
-2.3775185150315394,-0.2651540356438879
-0.03465180340780232,0.7739605501803161
2.00129443505318,-0.011503833287770243
2.5366366163250995,2.556566562921164
-1.336615605124195,0.6883250686453121
1.8535180055406761,1.5911962281411915
-0.5828662123996861,-1.3197697430382278
-2.4896769183351384,1.6645782639037305
-1.3276727968513726,1.1582664970918457
1.9419236403585465,1.1104707183283604
-1.8503691112447704,0.685106685208556
-0.437114213246847,-0.0959674659166359
0.26768568395803505,1.0476799423858556
-0.5161439328235242,-0.6581563525441091
-0.013804056552376367,0.19105044992722828
-0.13786563847776118,0.8036838528730481
-0.6244618632567818,0.2790020763356463
-0.9172244583327784,-0.7764248581564637
-0.08124096063843361,-0.4597026358560141
-0.388948562356037,-0.49949015036343597
-0.5797885336733768,0.2851328822504954
0.8010906134164225,-2.260213605550979
-1.247693049137237,1.375347838590611
-0.42637330011349156,-0.5685017217298373
-1.7979206912544252,1.45551508977897
2.2051837775660137,1.1702003276068678
-1.158729681162855,-0.32754181947300093
-0.05192431141227966,-1.7734882941938304
-0.06663186448871565,0.9024717679109765
-1.319672423457715,-1.021580216673513
-0.6475957296102403,0.806524399353863
-0.6586104815682416,-2.013274822264169
-0.34026636697284074,1.2469863069396265
-2.3415948594254927,1.4556097757681719
-0.0275290066496312,-0.6766436237696015
0.5647986100085509,0.2056569734019443
1.9786614135764775,0.17625984140721637
1.8776000776663082,-1.4877452009767504
-1.942418023270349,-0.2959691262756624
0.10177020183319764,-1.8215933024786986
2.626432628558436,-1.1136437617223272
-1.8431328432625018,0.605307588894477
2.01073573234095,0.5585961865894875
2.522941167018771,-2.119992089055063
-0.14321783334897847,-2.5734214618358346
-0.23246031422903932,-0.7185444025005822
-1.9663865582700897,0.49675754776617886
2.008972282395167,-0.45354608122859585
-0.2601844883604143,1.6648556833893917
0.09463474159124591,-1.3217689447158585
1.9347305269081976,-1.8397360272857193
-1.9699637577704527,-0.038516576468852426
-0.017350419856007326,-0.40736754567052774
2.6489479339016957,0.6225389824453484
0.28212555672147854,-1.4265486238570035
-0.13528497063616443,1.1011524455636095
-2.125151528749851,0.3461568567786975
1.7323036763001656,1.1759067016420415
-0.5008559887965089,-0.9563240675954426
0.4388261697871362,-1.4053440631058272
-0.4948887034750192,-0.7676383234354927
-0.5435947485232245,-1.0126095086308398
2.49973337415876,-0.07407032806780162
0.43385160905987996,-0.2866130269593544
0.13266378840752827,0.2404638834311798
-1.7260165498669826,1.3095800727743063
-1.1045868060694768,-0.4503301685591091
-0.734680764839304,-1.0817061507143209
-0.6371713057675977,0.7424493334690359
2.04851410353513,0.24510046903498273
1.414907403194278,0.44709667115781637
1.8900839213624154,1.9017413524345788
-1.8609062668345373,0.9651547486783452
1.7736302262643373,-1.7783624452701632
-1.3628499220778312,-1.8847145970268386
-1.0706634407275872,0.046681431412267195
-0.27371787606025827,-0.8116663678880834
2.0276447670253526,0.6484495517920481
1.9200217192419116,0.6459627372419128
-1.371000959786935,-1.5348143043629556
-1.947755046442025,0.3195269453944702
-1.1873372551228492,-0.9441702952972117
-1.4087168447861598,0.36118143256471225
-0.4697529433092656,1.3825607555369772
-0.3200878910163535,0.5073887899237655
0.5246200478194166,0.33722524492384665
-0.21279019854863118,-0.09191240116778598
-1.3265823676679196,1.3754042625697567
-0.41027175737652505,-0.5865348850060377
-1.494678479243277,0.4996221651479892
-0.17666183324572565,0.1926872836262173
2.042108472724142,-0.10037365451566643
1.898575905561369,1.0092071122347803
2.0878615848143007,1.2475999715387156
-1.8150876894303156,0.8417510113257458
0.4480050523296401,-1.1024075287339272
-0.16095818452874536,-0.17554317373107686
0.23133964058030412,-0.848608511750867
1.9231682323838521,1.3573729031034427
2.611398381981175,-0.10327574819616207
-1.0020798614871655,0.8653737422154186
0.22447964753189667,1.246864926938262
-0.019862948689171538,-2.13283865326329
0.3369753869137693,-1.3946388768792124
-0.12722115531247233,-0.5000680187666862
-1.3044005364557645,3.3239772228440594
0.41330682744773406,0.7310917892376724
-0.09184511867890799,-0.6159481013202319
0.17130258137735047,-1.9537274114679197
-0.7155238452907011,-0.7349626998003059
1.8574855539330333,-0.198571334282431
0.12840022316041194,-2.473520263758062
1.829750007224591,1.402681087949408
-2.534639179740513,1.3922148068504774
1.945711783972513,1.3772335047728135
0.6761934086836547,0.6248971160819736
-0.730574608780791,-0.16815345518180105
-1.6419163042907492,-1.4708770986836912
-2.2693904557352553,0.9321295996228615
2.0760970868880806,1.2736296391575905
-1.0267199441358419,0.5263810074127939
-2.087214427787856,-0.5222194610795362
-0.2264924439513248,0.45847259116060174
-0.92544568807685,-1.695449013730512
-1.2076242693923065,0.43692240705569746
1.930036707667939,0.5821033448759043
-2.5583556590873906,1.1657907148289226
-2.4168376968721352,0.8954946478323721
-0.09286375353619562,0.017504564270461168
-0.4373068867235941,1.321378376827791
-2.1429700343387306,-2.590962209120113
-0.8273433089931149,0.9468625412437242
-0.44730353963187613,0.21366326271545316
0.09168383365199889,-0.1697117974510466
-2.4327815470979233,-1.2541579478598182
0.06077522267009938,-2.3579413548447534
-0.52209083381416,-0.5514879168547858
-1.85848647691196,-2.4177131214122944
0.2724552935650309,-0.2623786109059552
-2.4186048392512736,0.07089144485287191
-2.2437327988732814,-1.1960335058105014
-0.5298079222599367,-1.2794991784251541
-0.07340554373558245,-0.0436044327644095
-2.5085567929533292,-0.07102974293006964
-0.22503618274395515,1.049150970282071
0.6995732961068594,0.25137226670127044
0.06203064240984652,-1.6840175382861158
1.9665558512381767,0.842254366936902
-0.34092551545775845,-1.750902410877294
-0.26726824823000256,-0.8779744929879297
-1.9557885562550068,-0.08659257727942138
-1.3234329975916446,1.1453814186246718
1.9245150782313716,-0.7345514777476368
0.08428105526216757,-1.2963302705242894
-0.6925558695179013,1.4792131838201164
1.8490183747523488,0.3839437998668176
1.3223406652019694,-1.3196487011667188
-2.8579744171740544,-1.10040050930224
-0.9770457227740952,1.1067241028222563
-2.0738848929671483,-1.4946248786434833
0.5577776131912774,1.4516093168285422
0.3334871535767406,0.18571268712581962
-0.7282816964452771,-0.24260755458121644
1.0477439778648021,-0.9354449427569006
-2.5547572368380833,-0.3225891860717719
0.24408618020372624,0.8826925448128237
2.0354616230822304,0.3383050183033315
2.0172482233397906,1.6952543195987277
-0.8122465500076917,0.961565504138784
0.07914380366105894,1.7010821272692063
1.8369430374272362,-0.7115326612352547
2.1667279949811538,0.2111483293072987
-1.1801960136653997,-0.8199415117715688
1.852117411518357,-1.7999841899686846
0.7890272647024225,0.4137440055427336
1.2523107797128248,-0.018455397884888345
-0.9913712934058768,0.2461867647776765
-0.6945338765903362,1.4226523296161124
-0.25017710725631526,-0.7373666638553819
2.0529905003921805,-0.05352313444591936
0.5403399122197106,0.6574763777979371
-0.24654719409693526,-0.27656225618153585
-0.04090296663805947,1.4407827082915232
0.015139535409252074,-1.6035773769984025
1.996496513426473,0.260078212977256
-0.594345937916205,-1.4810500797712176
-2.672630717703469,0.2661850612621536
-0.1962713785347513,-0.0769548677234235
-0.516214506528831,1.5740468741857698
-0.3191206653048954,1.3410587779309564
-1.4162454548243937,0.7089110672353475
-2.020661039256799,1.1578946488132233
1.9436457194439158,0.5720255258225955
-1.403217701485053,-0.8371959765541518
0.18537805061106757,-1.1885179037881293
-0.27730058916758143,-0.7345379428778014
-1.8167762587605256,-1.3367705937719647
2.6457168263228388,-0.5949163651391666
0.577141689233997,0.9655234366195756
-0.0843620605975645,1.0549376918151576
-0.44512237878055716,-1.637382004633519
-0.07125215153150816,0.6928053165645742
2.659213165932972,0.7355337646863981
-0.40615221523447576,0.5595038085456916
2.055902950447923,1.4883695916295194
0.8948663592912686,-0.029272807543636724
-0.5282747326906361,0.17012738158349297
-0.9983403445355951,-0.053635339856469955
0.3415372970331577,1.3605648970589426
0.07540696793671273,1.3185757591976006
1.3429044642053,1.3008317286334914
0.5432602597494172,-0.488631265437365
-0.6975572584752076,-0.7083885124460468
0.6621144932483357,1.0892576876989921
0.5026741329358023,0.7190690431180521
-0.20536830091985905,-0.40159397740258873
0.80751580903787,0.74826412246759
-0.7063675734100555,-2.7433332451018706
1.7000144856804986,0.0035862688928487915
2.0832508475870095,-0.11624677092965009
-0.15042346034899146,-0.7631152051630894
1.9135150786563198,-1.234557415427222
0.33653385319500273,0.3256314364578917
2.037993775450715,-0.1843422082779776
1.9202580709106134,0.4309563133880053
0.12834546643224679,-1.520077643566469
-1.1833415699849252,-0.27643790535451523
0.39781148578851105,1.9331197288692634
-0.38749216348294174,0.9348198090731147
0.30906015394276254,0.20504627106016668
1.8825442090679319,0.48859504137226006
-0.4306506190673905,1.1540923009743465
0.00735908870581528,0.6894838118947828
-1.1553237382092014,-0.10014934361344731
0.23186560467509085,0.7868832329406668
2.1387341862297387,0.6780615845529563
0.1014237454371294,1.6292983840014807
-0.577634669202816,0.7105985079042125
2.0532759481675398,-0.08222782649845053
-1.0325860081291165,-1.3609416635437501
0.09684528724583424,-2.052960062260727
1.8294014958423537,1.115384556989244
1.8961273975145416,-1.9078964992882697
2.0601477977680633,0.637942731610492
-0.9254500941421189,1.0038472418447388
1.7206505004601718,-0.8538427165168937
-1.2369812691101234,0.07323603976499095
-0.19207787935241852,-0.28304143225303957
0.14655611362291757,-2.041658015873919
0.3594855696326184,1.0463574055715088
0.2943369820580241,-0.8623411435428696
0.6046193312253272,-0.22134593501899652
-1.1192108654429758,-0.8443788073689001
-0.15257060106013967,1.3116701621877982
0.7061051328779906,1.384757811576087
2.0699773256283045,1.187860298022954
-0.13962301375034805,0.3223957042148123
-1.7776538678447618,-0.09575939531729435
-0.32954357699874715,2.4781205940559796
0.5388538389867352,0.19024870394817717
-0.6537444608920897,-2.220813409302757
-2.5309538609373354,0.6085965535785034
-0.44069841473508786,0.15891028025377563
1.9071474201726113,0.0596717822935572
-1.1732064241979716,-2.668936308764487
1.8877518884924205,0.6038067146300542
-0.13574935157702805,0.014144717939192218
-0.5535499489119188,-0.4360184350785544
1.57573310858426,0.9889932347510745
0.07938730115212934,0.6265571818332878
-0.7471122341061704,0.6774146350140668
-0.4351996312518334,-0.3014868015734695
2.585048825730777,-0.566819056869228
1.0373850518147776,-0.23175154019174732
-0.2242135578732053,0.31102699402102973
-0.22936704424524468,0.3240398614990521
-1.1871701924439655,-1.6477515010339991
0.7578239648151183,-0.4712624063268012
0.4855863352700099,0.2789655845079714
-0.48826677423420456,1.527595770769366
1.1082043694750932,-0.5467289188166514
-1.4176295861426533,-0.23063072169924403
-0.010788614836637598,0.8603578610965992
-1.2174955945755215,0.7389771184254026
2.1288232943748087,0.37637042687582434
1.7625055215462213,1.1897027882841449
1.45769095112845,1.5506160166214973
-2.021023951587907,0.7080705479448459
-0.7021848220243527,0.29531214323415433
-2.013402536099088,1.7744693757848327
1.947008538475792,-0.10497972357925484
2.0214432001839304,-0.21869886819312598
0.3056667941039927,1.6142460634288884
-0.6939441196674486,-0.8801723773101187
1.1986400910673027,0.5412913190991637
0.15655134393855694,-0.8352392085194136
1.4040514269408595,-2.331485028805728
-1.1429185578768326,0.3964550596714462
0.36082888398892027,1.043006211414332
0.029808591352725948,-0.7518829318292024
2.064597208841035,-0.3748026258185026
0.4655554320461515,1.6262285956788216
-2.0855168689662165,-1.3618804541405138
-0.40133088676124806,-1.9084032582415982
-0.1939017154096818,-1.0240939200134265
-1.7985080719663316,-1.2090386242149205
-1.3690350634367197,-0.5855915268214129
2.15271229150073,-0.09319850190472155
0.1108119524007822,-2.521752058812639
-0.85322002761294,1.25035705929759
2.066705671308943,0.9715084685594007
-1.8113932608188053,0.6145067231662524
2.0770480891697356,1.1432635834932008
-1.6496580516489423,0.20503347583668416
-2.4475165308460713,-1.4214503162425898
0.3371597387396119,0.4448674724617845
1.918586223507918,0.21775918014970758
-0.6490398988733298,0.20980844349502142
0.03925799981810026,-0.01646023650767712
-0.537311262243917,0.281809457669332
-2.5346756701130833,-0.40657940099958495
-1.945525816589328,-0.8113655069176674
-0.5569059228350621,0.13134613998831685
2.6163604780085423,1.5636729434638243
-0.634511365945179,0.17988476486915508
0.44294950249824017,1.113038560823547
-1.3075896404759602,-1.2529552892009856
-2.8673190784795612,-1.6959421629594345
0.36847446432023734,-1.257313986659839
-2.431231433027297,1.1507999553391517
0.25437265509053986,-2.2553344983524135
-0.3309387695834323,1.3213699707801283
-0.16291662756009362,-1.5144838380886152
2.008935859737643,1.4984284915442352
2.0474139372868487,-1.0076263713702245
0.00012093748776110314,-0.38345357415047
-0.8484315328530401,-1.3873649185898274
-0.5642828108778414,0.5972132890946605
-1.78439551202453,-0.45854569698663517
-1.262815547362754,0.31934542535808863
-1.1264906173802955,-0.0049272624506537625
1.8360723456945416,0.8740472080090436
-1.8459085351190545,0.6311808891955983
-1.8322351486894743,-1.2356937070818623
-0.6803170194597002,0.0138563761956704
0.12679108240055784,0.384552047066795
-0.7384049128869128,0.2134857333015236
2.1865647184585497,-0.2998556052408219
-0.13792443911534394,1.8672925965932152
0.4745834894658289,-0.3409094362053586
1.8423288301476461,-0.34728335322706483
-0.4256676847737525,-1.4965881294991576
2.0484754218501244,0.7234771094122548
1.7525678606371078,-0.9926659679703213
-1.2288101654264307,-0.6410885872472762
-0.8945829103199318,-3.0315117253320154
-1.4956096321359704,1.1841950500547818
2.0365672453731776,0.11356644340283947
0.3550874176875265,-0.4907016583685759
-0.7590562780364674,0.29571653875974574
2.0065480104783844,1.087527605118043
-0.3112065552657575,1.6063208574134045
-0.4139988069592425,0.9187152181808409
1.7680080769276165,-0.1451516430702068
-1.162675280395776,1.1548959857469463
-0.7625130437166284,-1.6866139779245024
-1.2768957643777872,1.4852697580881695
-1.235656459654355,0.6761886203040816
-0.10133752229024436,-1.727433318240637
1.8430564064786816,0.14538787280490942
2.0806442582810787,-0.6396723882340274
1.9807913671695079,-0.9970096134986643
0.6322188850527075,1.4694691801183506
-1.5734458138661673,0.9738890689447403
-0.03775477132167687,0.42868123562320726
2.2112455018943713,0.9502945388168991
-1.6334075277581268,2.053633399420154
-2.5423395567426663,-0.6811610004541805
-0.11076903216866198,-2.4431491879078187
-2.0594249145452155,0.5249649890328331
2.1290968758332287,-1.3428685848777868
-0.06246394653963931,-0.06572391671938592
-1.3371040885131285,1.8632658098118098
-2.1583799861121307,-2.0652664134352765
2.026917378498904,0.39307379944515064
1.9683760468064018,-0.327682692431313
0.3581825994419965,1.0536364876231914
-0.608442082479489,-0.2194877451293228
-0.7026847860518117,0.7144127005626814
0.5557278726987762,0.4427787592853305
0.5062348551459208,-1.068963193703643
0.04002623354277509,-0.6706875236609164
2.0225603617149757,-2.4117342134132524
2.108239581842062,0.03202105017709083
-2.1560120279965336,-0.9710621950658952
0.8197182846773025,-0.5370021822164713
2.668898248460202,0.46205726223737903
2.0445336972146837,0.23219029883578707
-2.3436750372571824,-1.2966216382243403
-0.2854815412920046,0.36468061841797894
2.0605538004680164,0.031516245972047593
0.1880361003918686,-1.6642941611696875
-0.5371660558559056,-0.9191459885782098
-0.23084627768419674,-0.035794692106013055
-0.059743212926243176,-0.9046910013756022
0.3623135923946646,1.3258543697957557
1.842398682988157,0.9571005063220795
1.976383115744146,-0.6710339729690625
0.03983680022708627,0.3426796246533309
0.5285280227990613,1.1153367464875252
2.198640606979274,0.04240104701626264
-1.0587456145261498,0.7125875926051203
0.17774437655479108,0.439729156268782
-0.28310874188993823,-1.7369012706737204
-2.1152813718217813,0.36482398144207917
2.1060209071669433,-1.2379955643543308
-1.2207920930727394,-0.750701653945695
0.12028404973557082,0.1549714298402691
-1.8989205681939978,0.8822374700789077
-0.9766718773304034,1.1915011525672918
2.017571347482506,-0.7029749889024584
-2.34674154705983,0.5592205070989836
-0.34478305073855636,-1.9555848617883498
1.8209937320049567,-0.6553068221495975
-2.216173415004487,-1.3287688987394202
1.2094219514956464,-0.8076368451457824
-1.1691225677503911,0.8136956947417349
-0.27510373561348117,0.01526435531226063
-0.35105515194382114,1.2985523143191977
0.1449744095122816,-0.2712652343744637
-1.1932746827276655,-1.616757822823745
1.9934987600085523,-2.169070086857316
-0.017174858445837684,1.5248307637858012
2.076756813844513,0.9270392333094482
0.17734059970636715,1.6469407377440493
-2.4119952813191836,1.6832666151637852
0.4747134610274601,1.312203264069424
-0.8287038625003152,-2.1892285238718117
0.4700023279033702,0.028810803500660776
1.8385725070124823,0.9993683665166013
1.947586500189283,0.5047168689117911
1.87938614302652,-1.3899163366827152
0.7516041334254137,-0.5019547186037733
-0.4484608846982338,1.4490175765181963
-2.5242433340014583,-0.6436337421438996
0.4461564141251815,-1.3055273745133573
0.07044990963850355,0.5361922062534965
0.3676710437824242,-1.7424153678397163
-1.4040289037746396,1.225870039425655
-0.11691781483871692,-2.0058698598782754
-1.5383876508664551,0.09257319232492447
-2.449080563708747,-1.599930168449569
1.9585330307522502,-1.6716183380593785
0.0729822847453295,0.16074061843916165
1.806718345245783,0.49297153000785165
-1.2342450714237456,0.726029971440161
-2.019343280004984,1.642359105921905
0.0009015910342847096,-0.7007044607866835
-0.11637782774802709,0.5530516752443534
-1.3744351059356594,1.1564267603968434
-0.1308796169255687,0.935482884704461
-1.5542255163738974,1.5328740125220217
0.1927611962633727,1.2448171228774711
-0.861148903058342,0.7074313001560909
1.4822919477963,0.15854581581760113
0.6184582355378295,0.7993476962413353
0.6466160215229385,0.6406193796142139
2.0362703001273648,-1.5171664227500767
-1.8978821887472799,0.6442309774960481
-0.5797111714314322,-1.0493211705715575
-0.21319702734303958,-0.7739882907057263
-0.017941309141685735,-0.0749833690133669
0.10512451646659964,0.9832111479146911
-0.45269342582401545,-0.39381639185368
-0.5336695512210116,0.3949755275401209
2.02746446194226,-0.8641994312291874
-2.795009203180126,0.8196675747937289
-0.20925946522386898,1.502936946590238
-0.3039451066110754,-1.4433509044427995
-0.4547182812860211,0.4849577769256223
-1.8254734719897032,1.279676383409582
0.01264115051958352,-2.3209366122292407
-1.2916606278683331,-1.5710911153214215
2.436635746623402,-2.2448396017351477
-0.24667723615305756,1.105387608182947
-0.5708580537780382,-0.04889674611677713
-0.08114912994488777,0.8796656758326193
2.093694629926517,-0.7633680855790339
-1.321760869726633,-2.072009567297633
2.1456899854145326,-0.9561440432492998
-0.5064777873332282,-0.49808991971638317
2.020662158195593,1.434495653943955
0.36877832137955474,1.400566159808095
-1.6111661279474276,-0.8310026425311063
-0.4032604184963285,-0.7596611920580877
0.4897283911295076,-0.552378335989075
1.907429953507026,-0.8685179619591933
-0.14918818333863357,1.3934653345617294
-2.605018683012737,1.0193134190768123
-0.4879488816243104,1.2886950488930224
-1.8135537862822024,-0.305273711650861
2.1118505354066888,1.4844546646213688
-0.05948506982118981,-1.8122748123427435
-0.6320193276732377,0.09989501811913144
0.021475620791456443,-1.5664810897077237
-1.2072037505579492,0.3703318764714737
0.02045090733800683,0.035483909492617254
-0.482052270005299,0.06508177319317733
-1.5702870191918639,1.3087476147852257
-0.5640341081151482,0.535537119094627
1.9636845595006576,-0.690384522169607
-0.7959415347246418,-0.7726838249076272
-1.5165367452710241,0.3163860904021589
-0.8717372760682045,1.008172200763412
-0.1642650002176812,-0.6350551599012382
0.3888598064165183,0.3334050557870746
-0.683719410549016,0.20456757863305836
1.9749425692470521,-1.2636719518787471
-1.0761337296214308,-0.28706242496636414
-1.5276282108359898,1.360841768849621
-1.0094499532173082,-1.8628344632010925
-0.179877836346319,0.06351119174124344
-2.178636602694965,-0.5672421808508669
-0.4031056215328727,0.3792066910277176
-0.9679072935815459,0.4522855197877733
-0.6777332664747164,0.3487725341787258
1.9026863368314673,0.9108715071864549
-0.04703166523156435,0.41382488276722734
1.9472822100979519,-0.5047044443292815
1.6468907749774715,-0.9246280619469209
2.090586013837886,1.1782956836792988
2.1278684399205807,0.2904278676582078
-1.9378180101742,0.503892919833774
-0.4009518260324085,-0.4332135727498518
-1.8227444423127375,-1.6123270692288196
-0.9797825961138307,0.565458067372968
-0.15048501954227406,-0.5225725923832941
-1.6751920489730563,-1.1377065064060434
1.906922030588131,1.4959531875862284
1.1545042646270438,-2.5977016455907194
-1.8997892921829955,1.4279521205759822
-2.36826572180816,-0.6752958644492303
-1.293608918348062,-0.07685652415858409
1.2867426027734539,-0.8893923569661841
-0.202866572181043,0.44608210369459816
2.138996067898995,0.6785348034561102
-1.6373816519290858,-0.3433988198177224
1.968125347145185,1.0061624531619386
-0.11955220030128881,-0.6910245340939549
2.6042964792307326,0.3227841309908768
-0.7288055726395369,-1.1403865300780016
0.05297119553248387,-0.3463056091737424
2.0591421837666894,-1.1843660924361448
-0.5164121934334497,-0.05662413850301962
-2.2993398434175245,-2.315142232584301
0.5917085359157989,-0.4955893783559159
2.0122987994700585,0.5268545692530674
2.0186328416525474,-2.3223639221384786
-0.537412159858884,-1.1029786530007712
1.9879904052033206,1.6796217448145436
0.324399844079068,-0.11266696392049284
-0.35933143545506824,-0.25283558458050354
0.019311066743908385,1.3966712440308227
-0.11316892223111356,0.20620241380891197
1.999686071530128,-0.43571618790264544
-2.551493808864594,0.3457383049001763
-0.20165263701283043,-0.20917437263038766
-2.348186878275774,-0.14600658048516685
2.1765265777201743,1.4805533996775682
1.9160431819848915,1.342600714569613
2.0967875078374836,-0.18337336882872546
0.23150261686855653,-0.08878496841988175
-0.6193457950558662,-0.04586007749350928
-0.6113887711335156,1.810205499579823
0.012145936823811512,-0.3677632076556759
-0.7250726827294612,-0.40502041173654313
1.9812113298364946,1.6237619622732709
0.2980466871753501,0.8502461950199527
-1.9942306302542907,-1.880437609483393
1.9967475287726004,1.029699600814128
-2.126712425547415,-1.7731961458471162
2.001745178343384,-0.1844027772076705
-0.5910443731716899,-2.040663178791586
-0.503940174755604,-2.0449950203106484
-0.25664555286241253,-0.2735506645749156
-0.39243554061784947,-0.4863928012761478
-1.09541269977193,0.8866533325332111
-2.1747917182998133,1.1355784407038823
0.28102429367197346,1.5948922160056442
-0.28789596450262417,-0.40298688722252896
-0.4969121033565417,1.0713656870522175
-0.3806191197300107,1.8317928823212644
-0.8386124380219268,-0.5306471265070808
-0.5439771450695658,-0.10596803299144886
-2.3606000463371175,1.5541557137929407
-2.193638322588693,0.7345337979277312
0.050538275940991556,0.856252836382261
-1.8955026632789014,0.2526904958166705
1.950264961909059,1.280624860188198
1.7705274092928085,-0.45098905775147313
2.067688049419407,-0.05331648899551229
2.196311255889814,-1.4058876135809752
0.26419830912674447,-0.7060197578891753
-0.2157665906991,0.8794669350450964
0.16919607885511193,-2.3493531989040806
-0.10521118429357036,-0.48984019801800127
0.7087219713534119,-0.44928493434069083
-0.4462471597846152,-0.0941839278058566
1.9781510836046845,0.37901552677582384
-2.329603167506695,1.2194428391668397
2.0280549384167093,0.5876497591025711
1.9779466119242848,-0.13030719157914328
-0.8117789544793669,-1.680035705452446
-1.3974628163466525,1.8351546478460186
-1.282322310402744,0.5123207868168933
-1.27133070475717,1.3513755904164757
-0.2610601603094665,0.32889144466449977
-2.0284593472180656,1.2347555063535343
-0.7576663144796427,0.6428838634404979
1.9558281935278115,0.7662537974549293
-0.2621183215938816,1.4171963353964716
1.8235389588569648,0.4622086143407823
-0.2718622316441429,-0.708335608803205
-1.7901225249827084,0.29794507169507156
-0.36202248340609705,1.0645469103732337
-2.0425015759011673,-1.0081582111721406
-1.3589984801760309,-0.4765856091353089
-1.317679399419477,0.9713199999422076
0.30898971994570185,-2.490750311808318
-2.744143380112434,-0.953263448237225
-0.5229096526427697,0.8232164568285992
-1.2146813042640936,1.3126011856251523
-1.3623809598528256,0.3416006719259183
-0.19945800885601872,-0.5593190305641134
-1.8856395624440905,-0.25427555436428145
-0.9964149899202739,-0.35153813828678393
-1.1342939565367298,0.5953894655950186
1.997002936667605,0.7055119286719561
1.851708460746845,0.36119969220136405
1.83915564138185,1.3918343249195346
-0.2679286617365166,-0.16549529583302716
0.04496788482234087,0.08222585909378753
2.2148399781283308,-0.0721616348777087
-1.4101915373772018,-1.5788412469109847
0.15139843374533302,-0.4911666098619295
-0.4540678801394806,0.3832155386836117
2.097871035567706,-1.0131508709624422
-0.2716603595877916,-0.6065972086311386
-0.4416906549381741,0.15148595160499684
-1.5494497780353405,-0.8950424828050904
1.9128129227633348,1.8072555694821815
0.016291454835160472,0.7932299615812394
-1.304129382582773,0.3503589173720834
0.16264552013311068,0.054682474059091365
-1.5926532391635566,-1.5548295707859705
-0.16690387537372506,0.048452489287274844
-0.8431384607355787,-0.4407425116828365
-0.6127447293968015,1.60647467429998
-0.048752022055099375,0.6391410184927857
-1.4150329199581297,1.0277175217593297
-0.2999129073686304,1.2811637364635216
1.9154100506744212,0.46712510552237935
-0.26012815369495623,2.923568174966509
-0.15242031462230043,-1.3305895238430367
-2.2418959234372,-1.7160986012730826
-1.942127119686029,0.05425216975446493
1.7331646348728873,-2.4358364888064132
1.9981412028776848,1.2941028731238124
2.6695706420966254,-0.40045325941480425
-0.6096156011154451,1.2151729644678102
-1.9894592369388742,-0.46888326035567884
-0.5917712694553783,1.3608280743170829
-0.21805666098033522,-1.0000466603964169
2.1676887164859955,0.7869677573617617
-0.4122569983008995,0.730452375632252
1.9169628751868808,-0.11420030000057697
2.1819130834278884,-0.48765557639130164
0.5702851207119463,0.635632890028038
2.589015836513969,1.1470482080001039
2.179867150694344,1.690090783979746
-0.4700474141836976,0.843831528118335
1.8028592628185354,-0.33372646719696397
-1.0893000384265588,-1.1016033703478547
1.987688075840369,0.1368523563553831
-1.0315063365151624,1.9737489627246627
2.021717173197363,-2.354403642613027
-0.3372751182155805,-1.189555123932017
1.7214398159295934,-2.280638219510682
-1.8473595659541664,-0.0859378333593425
-2.417220990594795,0.6361313497284806
0.20343137292717445,0.6364740186826264
-0.7509232626838299,0.39457057282743024
2.1131856154229838,-1.3291625970408887
-0.5490247051267871,-0.5711310406883748
-2.303605937588292,0.2660393347177122
-0.49694124325220923,-1.928887901311013
-1.4911012691541916,-2.563895093442036
-0.7115400914065484,1.2495668869890355
1.8949653151519468,0.5352058612515054
-1.8881581913210923,-2.132918815123139
2.0875373324746405,1.2721037980288892
1.9334500932810301,-0.853356358266997
-0.7620597411978142,-2.138431537238349
0.6730862177807807,0.9228105085670244
-2.6455653811423763,1.403504117044904
0.5382589380714602,2.6812803497151747
-0.5302745780218755,0.3492271723906272
-2.2504684611215704,0.8195360598066824
-1.4460471465337352,-0.8903205910932023
0.14684256289146755,1.392091326403037
-0.4981799768705424,-2.2204549779769702
-0.08973113046199326,0.037312392849182544
0.09812753154437877,0.35940707926994814
0.29036103127935603,-2.013060267929385
1.8722014227114734,0.8533816559020434
0.1025264095634958,-0.2527944832600581
1.9801751953122388,0.19622549960584965
2.0234990472602745,-0.48126890648866294
-0.5442741565299424,1.008106591379007
1.9159511068245576,-0.30096142818390825
-2.784938593216332,-0.06546835910743241
1.9203200942974985,1.1489012410727775
0.892974349315186,0.8040016143184375
-0.6158514718935346,1.7651612479948973
0.0020344546520408976,0.8777444989480019
2.002946440426597,-1.4980317381810406
1.4201669748036274,1.7292715313278797
2.0094671535034565,1.4443566899270894
-0.5486372242945377,0.42149342163493736
1.862386075369292,-0.7484647383314905
-2.509813299192252,0.7780415583894343
0.27609448210156423,-1.9446177833680356
-0.46722682518438735,-0.46619740444998525
-0.5347671733178603,0.9222176138167735
-0.7478428463581879,-1.721934807325748
0.14816780386152512,-0.12159485659917517
-0.2449429447944423,1.1760322300009853
-0.21778076219292591,-2.6558244994748152
-0.21624384799634633,0.14464847167385683
1.6989033482082692,-0.563675670885383
-0.27026834030766955,-0.48280943215759764
0.20413093911216268,-0.43996379943866426
-0.3278434545448925,0.7585693861014471
-0.40812013708262,0.9550176361849733
-0.2536310958477503,0.31497671758792406
0.3861127236442283,-0.6372537102060291
2.108782541913431,0.12264451267382974
2.0252185008217043,-1.4702673309269265
2.034589276449765,-0.1663617431699086
-1.800409793868656,0.06473238651225358
-0.33927030532436836,-0.5427261357476965
-0.5279899139068981,1.782633920656239
-0.5198398780401998,-0.3832539297029511
1.8194482139692507,-0.9637987037922571
-0.4543312413524892,1.1617023490311693
-2.577549192119438,-0.5902171130203805
-1.4527600616567053,-0.49463636625567553
-0.221543014255707,-0.6275251323512071
0.156198790630404,-1.7044147466211517
1.9454075540101303,-1.1552060914213025
-2.766397142770044,1.2217797328223927
1.7808292838761717,-2.021098483918185
2.1294725579192932,0.3487382370416223
1.9531335934492513,0.8502309782477143
-1.0131971384359844,0.16585942397246017
1.8952503530871374,-0.2641529282862738
1.7464758724291196,-0.9818880376651395
-0.34790865007615596,-1.1609592194056655
-1.2945898034684222,1.4573603172869756
-1.5772846518253345,1.4349460164783636
2.1388010083790716,-0.2573476785864743
-0.4766048962496494,0.8912951849972132
-0.3137087473795269,0.8226293287276224
0.3266882666490522,1.1696996241647701
2.0425376740470207,1.3340723734521256
0.3066586605932742,-0.5960856683691308
1.8926414191868737,1.1471900535757844
-2.1404428655396566,0.267593771667152
-0.44580824021243054,-1.4296550994675044
1.9576421581173946,-0.5897713298267883
0.3548651662835139,1.2827407569747808
-1.4476767037067009,-0.11806537475767412
0.4370152504935128,1.4745569453215752
-2.4855864759898125,0.6086336278750433
-0.7573383763485059,-2.407229537187439
1.9778852192631475,0.48973953130132797
-0.37935633074186187,-0.9691068389612083
-0.39493012252850596,-0.5970195926309747
2.4623929519354038,0.9237104658249277
0.4101798443862555,-2.227353964356209
0.2719802925617553,1.0392988108575913
0.45032259537836633,-0.6730690227081586
-1.5831691487313324,1.1802331793397842
-2.718927526262369,1.068780540599397
2.008764940561957,-0.7990169749991378
2.044511336693581,1.3552049052404511
-0.5652636543923508,-0.6210337773156014
0.5336755503323769,-0.7179526321852212
-1.408535437283733,1.5947945253244205
0.3438916185381465,1.6540797019238918
1.8804958311802824,0.33525298721287433
-0.9896229951974935,-0.9290146025030049
0.5271044218947558,0.32769570990004265
2.05484532301547,1.0195762662097183
1.808925787455959,-0.4359272251693169
0.17445106009943295,0.14837921617461294
1.9182187468707759,0.9258756878494523
0.7368416316108621,-0.5742225489690006
2.058681755349327,0.260500713208595
1.9131304381671035,-0.0754555959426534
0.12090338682890467,0.6480403866085801
2.1778174548173626,0.5092757607932111
-2.0043165129525264,0.44453178515766134
-0.0085202588599648,-1.0236508285001873
-0.3002024224088899,0.34047724608080804
-0.5040231424112461,0.6802442160348516
-2.3194520390699274,-0.6617659415402322
-1.6207849683188438,1.0474595110224454
-0.07515550546517881,0.7818150562562844
2.368080218879465,-2.1624944038109253
-2.6516252359783627,0.9530465142869774
2.148563274380842,-0.1999521491217753
-0.6668583154388907,1.256027239594128
2.555787144822786,-0.0019955435619131157
-0.4456274619048984,-1.1889558961572502
-0.42905516154759077,-2.3081938412886585
-0.4973698146228849,0.3356515077574206
2.148570682525858,1.5387041888076605
1.8222751333286826,-1.4486559852522254
1.9058322393326144,-0.5391137148856073
-0.2609650070627961,-0.552577818104113
-2.1510849994643926,-2.148676165260949
-0.162024799629817,0.1627235007170444
2.4456993339142348,-2.121524501420077
-2.22076723420732,-1.7654374686936631
-0.2853219549610462,1.5413188927336923
-0.7207377014071913,1.040816690675653
-0.27532251192321644,-1.913333533155884
2.1541450620773235,0.5750692771021051
-1.487411049475455,-0.36447144014575616
-0.5604254096481989,1.3340162487236396
-1.6153920223723501,0.1369335633437134
1.8761669661806302,0.7614709906004155
-2.265620149968033,0.9955756381240684
-0.20159063922517137,-1.6136082155216593
-1.4008683275153058,-1.2631551138512447
0.4563426065675299,0.647914778561035
-0.02655640140869729,0.3797870508681274
-2.0183515271743455,1.2911641805122922
2.0597152648762154,-0.692002828541876
0.11778066304504732,2.4420081015937534
-0.6078837748343557,0.23510813861286267
2.0887777151141824,-0.31678795480411287
2.021781101316619,-1.5970988094679184
-1.0061756252586105,-1.6294658489969467
0.6922654980503079,0.23673998410298316
0.5794750341489258,-0.31003801475767906
1.8043929218558972,-1.2007271187269029
0.38120075471830994,-0.5726179153942356
-0.7648855165002053,-0.15778917310927182
2.0481472592479975,0.23654386884577222
0.22747400330406423,-1.2135627462515373
0.28533416730782296,-0.47748388677027576
2.05570445919707,1.2253943756116437
-0.2742372096845389,0.26942041372168074
2.073552255206502,-2.199383700205156
-2.2717398903920065,1.6804064928036508
-2.5587891806691467,-0.32401883271458326
-2.501602999680052,1.4960501980367422
2.047969187548881,-0.9461913890606588
1.1604022625436516,0.9776879621776419
1.6903391064572086,-2.2371602175181615
-2.300058935554358,-0.19946469973438
-1.2609239653546644,0.4151137471500348
0.2630806183192868,1.0354992198570865
2.1903740795370172,0.9474576326869366
0.017432608972893202,0.117428890942608
-1.7037878033729055,-1.1844350028340025
-1.2054660016272287,1.3637382923002543
-0.27559581096705843,0.580520698901561
-1.528841048268612,0.9910490215111296
0.2429257341536599,0.9217397919553092
-1.0114939087226085,-0.030248330710704978
-2.098124032394663,1.5129474671277325
-1.0422647405982421,-1.1841055459793004
-0.41510488820969144,-0.202871520431266
0.3640561747417868,1.1079360503079863
2.180768663696068,0.9856885219849219
-0.1612760798514293,-0.3527828856630551
-2.108163913620195,-1.4600793538451264
1.8924942617512266,-0.8512936936164668
0.06974052522372283,0.6738321833638221
-1.1747964092571972,1.6981463792933016
0.3474108644483618,0.009831001718425384
1.9651477859820974,-0.16282801580223913
2.123942591974526,0.7027001525415583
2.1870774456655644,-0.48781996559108515
-0.8076371440777679,0.23027631633332418
2.078763931563122,0.07849993830880955
2.677291750490559,-1.9156695092959364
1.953651701906056,1.4612552274307842
1.991059340034191,-0.36590443747869533
-1.9478323338665917,0.5987926667559158
-0.694722641503611,-0.3913100639084506
1.920948153950379,0.3073197184106782
-1.0712922718055455,0.9933139532095642
0.6134711875602424,1.2734672504998412
-0.3392679308023754,-0.44859509164110006
-0.10998666856738178,-0.04218251882134776
0.18648175487738425,-0.2558233012311429
0.07598048330947045,1.0450169575043264
2.5179255595110828,1.653411237456709
-0.37846577537960385,-0.5786450631674346
-0.7673437827206426,1.562525791993746
-0.4485990959711718,-0.1525846920523209
1.1137561308844006,-0.9495897624773385
0.5812953795189628,0.8146492706094576
-0.13077126144971063,-1.1861044467953386
0.20782273075571508,0.26870118952236166
-1.9645812383862344,1.2478554858953093
2.025046656804475,0.6804098284629841
0.3641935196378046,0.4536544085696227
-0.0870869282699665,1.1190370904996962
0.049528037685563374,-2.3739504371930016
-1.9684381952520302,0.9889204676525737
0.08525241105012234,-0.8265313979944545
0.18675964254120703,0.9852222024298944
1.9461495212500202,-1.1588363137573985
0.4902842042914852,-0.13583030299894358
-0.3971304639984669,0.8923312526815783
0.23762670887983467,1.0616573203085027
2.06183078030499,-1.0371247610180327
2.0720762468267804,-0.5976857194913994
2.2140818022954836,0.19185802012128425
-0.023677018299555576,0.7862144799674013
-0.39013489539762136,0.4335968318293788
0.06973759354777793,0.24662567105189587
0.6139373802287139,-0.909428461484429
-1.7864147789501728,0.9691459335615715
-0.11740319160313649,-0.6423871148323894
-0.62755659782407,0.4261857570836359
-1.2088466858944427,-1.5578653877037916
-0.07014779655171999,0.2922689200660705
-2.15035125994454,-0.00748439839501923
-0.08755286940715351,-1.1716453957320028
-1.8590623123882928,1.2968630200559408
-0.4965973830761349,1.2289120082451925
0.2134029015687792,-0.31213422429589804
-0.15538082989233803,-2.83691202130634
2.0923940140562234,0.026796666718422055
-0.781875448167026,0.008379932198923898
1.7894993555403613,-1.5331809413826445
0.5149461468414945,1.035854075840038
-1.268774196394996,-0.3096167711927867
-0.9794111401743931,-0.3785134149482273
0.6846164662482062,0.9686138504336593
-0.3678167254071186,-0.1550896609323361
-0.34882080017733696,1.5734941657457544
-1.7631410947700867,0.13492905058053287
-1.4174216459709166,-0.5856511586544442
0.2848004500421484,1.443890266497329
1.9545765502926105,0.7006147079898583
-0.35982291244589787,0.7494347321915079
-0.0057660845051835715,0.7237454288661498
1.85970448735998,1.51782479242037
2.153476746467817,0.9284499310808734
-0.690998188394962,-0.24120456460848788
1.9725983866146455,-0.06350408271832646
-0.5653321373791221,-0.5660562201696868
2.0880695138932754,0.706713521167122
-2.411436320299823,0.5897877107143594
-1.8581954276680683,0.5665028751071737
0.25400001462002886,-0.7009594073249901
-0.48133200845668866,0.13956978233375694
0.8624207057480369,-1.0291054853907722
1.9261039836809124,0.13815963875672388
-2.4718212917294475,0.5753920122021094
-0.3833334899962307,-0.15599774531157976
-1.5486253204563494,0.6437271964958033
-1.1451138234098246,1.4260065929194734
-1.6671832421685076,-1.9430851459072032
-2.839845048168235,-0.520028248639733
-2.392316682857627,1.2290878968234413
2.247754039020023,0.9926905063048609
-0.7469129426029912,1.040198012742663
-1.701530384950402,0.47531515702020566
-0.12515315250226858,1.2531082564802638
0.21374226157616352,-0.6919028170642316
-2.2202123692327884,0.18033866280504932
-0.13201033315436322,0.8016615104193207
-0.44419702959876,1.2966953311207128
-0.24923187977446193,-0.1940476070273625
0.15899866338032512,0.6455151975356453
-2.1555752285002803,1.2625997235358761
0.13731438921003722,1.3433710072085892
-2.181554707936331,-1.7281733981729341
-2.4762679012225752,-0.21834583267058677
-1.5711313559481157,0.9857251794752627
-0.7787663537583596,0.6016739435639826
2.172647357035233,-0.6289482280054435
2.026504279382427,-0.5421576761249979
2.653426755060679,1.1786807077865813
0.33683506806803337,0.8187466167891315
-0.7556431137203896,-1.242660679211581
1.9142521600042717,1.216905407016947
-0.18229732274287921,1.796218305019262
0.13084125892400733,1.257913873871192
0.4533601192243283,1.4121308103553365
-2.0399666493403705,0.7829035571524551
-1.406712489554591,1.2583500962161343
0.3619253234182171,-0.2084192694266333
-0.0637209030633174,1.6223406547054489
-0.022102088449231026,-0.7621067387972252
-2.14022442649185,1.6857537152467583
2.00075991648592,0.8071504221986306
-0.6772778976941211,0.45902329216423265
0.14181279831354046,-2.0852550226567463
-0.7478493639771683,0.4299593576645435
-0.6723809791953361,-0.12114209488605455
-0.5064843672507183,0.37538891210440634
-0.24069857363778852,0.15046196470284134
-0.2672510953854172,0.7627748983242311
-2.3943861452729434,-0.535222203213221
-0.4181765400984694,1.1336936668937099
-0.57401345436474,-0.39285737546187494
-2.0676791473791782,-2.0295107127599987
0.47110938385925466,0.6154416828065022
-2.4096234113861805,0.7100558066997252
-1.9093236157456182,1.6557215776068437
0.0641852191999323,-2.5629158698932626
-1.4443263293367492,0.869679612796405
-1.247663029880153,0.4138691766836059
1.9359658830317565,-0.4171971890745646
-0.7980228916215547,-1.8312830200433428
-2.4860429830130033,0.85315697368885
1.9701726985160883,-2.21235180359655
-2.64462075261692,-1.073577575935293
2.0693702439970916,0.020964019429940483
-0.32638400154599645,-1.3611437279382457
2.137274758610119,0.9986879515791779
2.0195516993353477,-0.41786297205270007
-0.40312328620257276,-1.9458666725442395
1.97444770106121,0.7850418784317074
-0.6360284959718482,1.1482473627702372
0.35661617029829945,-2.0906895834915424
-0.6566121211845606,0.9235990996781768
0.030869556267852264,-0.8438388911737679
-0.4382110280616457,1.3412792730720844
1.9885651519180287,1.685270296623765
-1.503288939834789,-0.07408250070212388
-0.6192551042246716,-0.41498127802282214
2.1644959265719526,0.8482135229624754
-0.6634286825269762,-0.22120538671925621
0.7745631058254272,-0.3328475140999204
0.70467989551121,0.6278842863089813
-0.5446913359877411,1.325457600112193
1.8821107383278821,0.8592986093949277
1.9105052887316099,-0.34285710169277306
-0.052488133393263685,-0.12221902761438218
-0.49104449510792475,0.7462688618086237
-2.8459793297310645,-2.3913811091400485
-1.2640704762896413,1.630945827610267
2.0636856803805417,0.14320044350279282
-0.05189525779327069,0.4179108298956447
-0.7448992914532726,1.3209770147529831
-0.3282423117038373,-0.25973889040216597
-1.0380685770495988,1.2574846626643215
2.1295903215563596,-0.24220235556601072
1.9016364975818896,-0.977864157310531
2.0156056097896258,-0.4294208204282224
-0.23654025909202012,0.41603561773890396
-2.5723379972147344,1.2068684222127906
0.5340525394765416,-1.5241567162820242
-0.7572166187334384,1.5121913752346565
0.08654083566534897,-2.2493207726811337
-0.22131089378149557,-0.6982750481557031
1.964650381081758,1.3912090339942966
-1.7637782741705965,1.528284231784742
0.08573523685017337,-1.2034841115075845
-0.6494854342308611,-2.1074513890148094
1.982821945064653,-0.697148149595174
-0.39359377078976987,-0.6552127753680745
0.08393611836531956,0.2619713373368026
-0.19137665713800706,1.1758037941841173
1.2345732823025493,-0.42189472662005656
-1.9466826448701327,-1.4433800926727376
-1.860995266755273,1.54312884032242
-0.36347088384532117,0.6587648687434581
-0.2495035969443792,-0.18256249846593298
-1.4119928746981945,-0.9416665369253512
-1.7598819279822855,0.9404062770283055
-0.1774546554141179,0.7943010875890256
1.8314730026069166,0.9431717334670566
-1.1320977369775762,0.5980287291153045
0.6782331059513291,-0.32008801607205284
-0.04514569909080038,0.9975534011263302
-1.3961943715806506,0.30437435081454195
-1.9650229067559402,0.006889996719361878
-1.2351893915433823,-1.2927307870328875
0.4161483875736318,-1.0484564693707328
1.9449117823028246,1.3164638686660648
-1.1186103977980406,0.7311455044798862
2.05608742087733,1.7366544914467104
-2.2991928550547676,-1.1086473160974626
-1.9182419511833975,-1.1344320966630739
0.28493968278487236,0.42387323685125666
-1.4098980822613043,1.7970366786041918
-0.6094962756586958,1.119385008812697
-0.4591533337929691,0.1019007980174389
-1.2623020847786492,-0.18521164042767796
-1.3729944468910034,-0.6417389052933732
-0.0312354014169714,-0.7575520410845041
-0.1164928371134788,-0.6982613209667364
0.36643198610773914,0.5773116196571688
0.12821262468522593,1.7236619900848322
1.5320218097811555,1.5150970872150664
-0.4537958059942474,-1.2443386700636299
0.29152496302913394,0.004039027089983077
1.8730469598280983,-1.8813264500243325
0.6344659720804716,1.2092241838627165
-1.8919297972779114,-1.8742964458322837
1.7241904396803247,0.15769826360170847
-0.29465181033455407,0.7880088528020787
2.018373510774532,0.6429721741331726
1.8569523087074888,-0.4973458776880419
0.05613074006807886,0.8154831464294873
0.6670542141809078,-0.5211253983052064
0.214443588383486,0.4144841170800339
-0.4454995612239711,-2.3130665350443227
-0.3779867842486958,-2.0766829714076493
1.9900152820935864,1.2781979672483608
1.9392678611426732,1.220307694127002
1.8921766282598056,-0.682497410368947
-0.4550270102160123,-0.39052168888229827
0.30662558557141517,-0.6422668599800594
0.2882864485959929,1.028264430666211
-0.21823970963645664,-0.6326616956621878
0.183379740458798,0.2062740068894534
-0.2700409554640421,-0.7434931912660753
0.46692403518461395,-1.186645141851429
-0.2059212703091152,0.663674201931704
-1.1168963407689045,-0.5445367025145493
-1.2640042494263797,1.1361473689845751
-0.3965131228080391,-1.1713370560318486
-1.2235856378897498,0.4418537453644163
2.7499519919037354,0.835163760765562
1.9678423988106553,0.8804133014579844
-1.4185103650953625,1.336833580274729
-2.3187460806990066,1.8473707873273324
2.1996516946829425,0.7578963225247122
-0.12255186726150773,0.04103405179429877
-2.19766475014691,1.6153336242342433
1.959778139535254,-0.774722753252711
1.9338761375681308,-0.12074665105708009
1.7843777562924346,-2.5631331057583524
1.1152775026731003,-2.0638772862397254
-0.5244043024580776,0.7970053339087703
-1.545554323303022,-0.3431612014338327
-0.7572325335431435,-0.38133944675721054
2.0199145641295337,-0.4970451761385332
-0.4826584747838141,1.0904288048783324
-1.7610545602818923,-0.7999117293047716
-1.2782136114014817,0.8985497993753025
0.03429457333820098,-0.740280598505377
2.0250581249812316,-0.6664823908376092
1.951106534397964,0.8574159000375337
-2.010490772619205,1.698824155671783
2.0876390260427855,-1.751455459915612
-2.719440056177038,0.014480958930499298
2.1343893341567153,1.2947061684997148
2.044015136271121,-1.7110009758113986
-0.9707135540056733,-0.8484338774771897
-0.6197069526360264,0.7541912246653393
-0.3075113551451302,0.9418514454508793
0.03950547497160093,1.1798737183191002
-0.521698201624811,0.9635024641624865
1.798648574676378,-0.08329628892536832
-1.4477025185669044,-0.8473522567617247
-0.48388241729062387,-0.7797963885643989
-2.1852487773969442,-2.240132225054238
0.33162882147658135,-2.054692921339245
1.9103752517410382,-1.108309565795596
-2.4707633689093536,0.005202998602797824
0.581894504396119,-0.5890414166641588
-0.19191063900737715,-2.453140637983641
1.2555394677937397,0.5001462223253161
-0.37476248948296703,-0.9714410553124332
-0.2459625624195148,-2.4126564951662792
0.49425736745290405,-0.6039530532690324
-1.0221326115961409,-1.4563166186327945
-0.931294228665755,0.3478124076145842
-0.39869935973832454,-1.2201753256809305
1.8167886965181999,-0.49633310899838945
1.9303948002126603,0.09895966919753284
1.9044369835881476,0.735010337078172
-0.10856421316988459,-1.2417888219817101
-2.6892985763844885,1.9455294669239513
-1.131852687192139,1.5143377801553863
-1.5144376508914739,-1.9182351037573488
-0.4586253615768335,0.44841972740390107
-0.01241538071831694,0.9292920387852843
0.6439906303938233,0.331113899176458
0.07985881362887712,-0.21698012361723287
1.8754976630785245,0.9227529314695118
2.061244015438544,-0.4051059092096979
-0.2500265155472548,-0.29720579815613757
0.08659334530479733,0.6139161820413823
2.0142690665823832,0.47093931253196103
1.9251754755958357,1.1764384957055767
-2.3339862824130377,-0.019549610102854633
-0.5869869911946096,-0.900608391970536
-0.014794795851298146,0.9841269267967027
0.29843856278131775,-1.272880503643055
0.30457561685751333,1.2922104373601364
-0.1538636917024659,-0.5624092371693826
-2.7617848321149565,-0.9555702815569626
-2.351559627736363,-0.41740983011938904
1.6550444858790485,1.0384631422615798
-2.7004615884242567,0.7496522886009269
-0.4716660601342703,-0.7819513936587519
-0.818580448987153,-1.2773305304568685
-2.3072023135180304,-0.009576527523345058
-0.8082301754466064,-2.1284315887445207
1.770449525498878,1.0422167484857021
-0.6593812527579385,-1.3282636877390677
0.18454658228278986,-0.5370363574778904
0.4095823821963062,1.0383584403675994
-0.5051509511416661,1.3331166989681478
2.0777006541011476,-0.05383590498561522
1.93037605224331,-0.18138815893803095
1.719272100507846,-0.6420504127755817
-0.891361570814823,0.5504575075808058
-1.4015384781634637,-0.7497018918275178
-0.23999125458773643,-0.22379646288633048
2.177552470727231,-0.35481897243814775
-0.3823476783828361,-2.16062114930055
1.8897604587871228,1.111544753527429
2.120645925515401,0.9520399189937993
-1.1421905679579423,2.9910405580260697
0.16147869825296898,0.22112022071641513
0.9775382945663907,-0.7894883580514812
-0.9024309182404269,-1.666703117711889
1.9010733540164322,-0.04817455285097452
2.6950627086603482,-0.7403489346152033
-2.497611742013378,-2.478292091717495
1.3760320817667109,-1.8716567178988026
0.09000742736342217,0.007166639882497806
-1.4293457249194033,1.2256383858835964
-0.4304260913176765,0.9938883968121274
-0.7776548965547618,-0.6551928595996339
-2.6509448591740585,0.527375379145145
-0.5026148144586126,-1.2934968227707173
0.47440650881201324,-0.35447983138687317
-0.16800162657456047,0.9259827454304914
-0.4957126816213635,0.49858026488060325
1.8048138140308754,0.603743553534696
-0.4987528638515239,0.6108874168726268
-0.3219028537827118,-1.5019195160934526
-0.388186868984278,0.1592107417020538
-0.8528019326923323,-2.166725716021699
1.9384268486566059,-2.176831740787942
2.0346430036528966,-1.9000761694534722
2.032209462986223,-0.20234658003074707
1.5267238072424478,-0.2447626817584836
-1.949152722848881,0.5886560599731584
-1.0396741101251314,1.1265173800437625
-0.5479077621294243,-0.9154102595846274
0.6704757303364068,-0.15454244499403502
1.999171046112703,-0.9670170854686585
-0.32457640193944653,-0.2089382491609083
-0.472455470263484,-0.07248827845953226
-1.4256363063690431,1.6200644419700652
-0.3292000093292584,-0.03354157326053599
-2.424498084615274,-1.6287278579101436
-0.30041131228615164,1.4157860279550827
2.09265457301425,-0.2092284376601855
-1.2495636173802558,0.21059294071074403
-0.2511807790771413,-0.0702873372339435
0.49973626174053465,0.7314748644333811
-2.1419579499183747,0.7867130324246353
-0.5815543216157795,0.6713379559706085
1.9491495935048047,0.5319475377491765
0.019980155895143778,-3.0625151854035124
-2.6137454639733564,0.12107772183962935
0.49446764692955925,-0.2056688126302439
-1.2067902020276973,0.604913661375131
0.15298978574483893,-0.56237448494619
-2.2281877701714445,0.14339842994789334
-2.4168922462369204,-1.4942277895957274
0.643111097135256,0.09676592768248103
-0.8309873305702439,-1.379617722863682
-1.6148947117744068,1.6414965035471145
-2.0320521746467577,0.5031478426194027
1.95041212234029,1.130055566317748
-1.0420171328400265,-1.0158792510935681
1.8749312626625225,0.13187879059822874
-0.46576419593806123,0.7202169288033744
2.1346650880714115,-0.4950930296338776
-0.409388264042183,-1.4568521328985737
-1.4002309030298854,-0.8026356205785539
-0.14970816184800254,0.3818503493028525
0.2444244617585927,0.8590935683824558
-0.5264127984528633,-0.3247439165360186
-1.7376061027268848,1.8248853636596465
-0.9047065687058649,0.626991498100745
0.5127013887543121,-1.3915017413296389
0.2004341410904452,0.8297569845815111
-1.2923738445308617,1.6420275427470832
-1.4640392097666652,0.05353659134066653
0.04656309957833718,1.1860708229109669
-0.2002906916752173,0.20499728758517527
-1.9189999578187344,0.49522310860731744
-0.11880284103596038,-1.0390014804949275
-0.4123415868512154,-1.398251951045073
0.5545044060712593,2.1703513623866755
-0.14234641234854734,-0.8419408881592678
1.9203542044816286,-1.5667669355225367
-1.0106085997197767,0.07478413890596809
1.8834106116923484,-0.6615774158598684
0.03220236254148546,0.7384044583228528
-1.321407118199798,1.3706684200776134
-0.13691711631971099,0.308624461964048
0.4131291759077941,-0.6643096818130666
2.148688708238312,0.9955278200213634
0.8391171635352891,1.3427689514562864
-0.46540006650682103,0.6863574016117677
-1.3883600722016627,-0.9225638892504521
-1.9694519891701892,0.9984636826803499
-1.1724202592212232,1.0703552321897323
-1.246803556408435,1.556326412478788
1.8657554586095144,-0.10466374900232246
-0.3540938154239556,-0.2810287626516217
-0.3865041502039492,1.3870600771322723
2.0971717878039424,-2.642908529705155
0.9162072886365077,-1.1078929520438017
-0.9106254528302461,0.07721934076461551
1.8635539258292624,-0.20087176549959784
1.7957405511885152,-0.9062836712726835
0.12030763516537304,-0.9189214387510684
-0.4108462430861529,1.3463234418258787
-2.1062546141587544,0.7682338442967962
2.176414365475035,-0.30935873422727683
-0.5715770634723745,-1.6896453602109494
2.0075429121161417,-0.911096238608179
-0.39609001670638183,-0.049894142150292566
-0.31476989652908655,1.3372693795139972
-1.078682569393206,-0.5680609197366483
-0.4941323366308987,0.11699059793093398
-0.04416438867933522,-0.29432289334831674
1.409642604175383,0.31100320202155796
-0.28155766624873274,-0.5404119440021246
2.06407106407186,1.5018782465003513
-2.096746508308893,-2.1690650892725953
0.2642677299095645,0.6143680797018308
-1.494677091409552,-0.99354279409632
-1.2924405418806986,-1.4358388987850346
2.9818596599516645,-1.8732601200170946
-1.2083098153881473,1.1067509475843156
2.0076311624813057,1.6224182698120189
-0.331597219432688,-3.0559016768699068
1.9810649832799987,-0.31906289967490886
-1.680044071393284,1.2605458235853246
-1.2651685679399882,-0.8888538554142132
2.1219117590886625,-0.32632248093735
2.1663890650702595,-1.9297968032263841
0.338104975263878,0.6976968024715945
0.11810861008630157,1.0480132226632104
-0.6793122948208113,-1.8590796435444767
-1.603719052520616,-1.7889721097605926
-0.4012563800628504,0.7070538006885028
-1.0367993456707656,0.11700928035122987
1.3673202631408543,-0.3756302204943722
-1.74141764131942,1.3202418473825803
-2.4747279257455377,-0.6901142743290144
-2.00952801531999,-0.8330041482334474
0.12112288032221415,0.21370217818472925
1.8865903115024332,0.9597538819785134
1.8209463942159079,-0.2817546286051287
0.37072305115681253,-2.2741967807553496
-2.0806261389913683,-0.3260102576828078
-0.8554344304158569,0.12948245525966245
0.31027155347821905,0.8079631201352644
-0.04691316786084142,-0.6121432865719808
-2.5111147978977044,-0.45694320259207394
1.0371738987707142,-0.5958930021632631
1.804954167584956,-2.2712687041750512
-1.3895656109611867,1.03209814292805
-0.5016100001443176,-0.03891119812452401
-0.3131325545360668,0.7994377783192886
-0.7268775326366921,0.7577490091644783
-0.8559599969045142,1.6520806752536146
0.44586704336693445,-2.1052647346596114
0.37280970681236686,0.3488045667646149
2.0062699633771435,1.3688878838477976
0.028902434180621776,0.349019564410613
-0.4818092589696807,1.432378572569661
1.9228876058973494,0.669787656254274
0.10821332422336362,-0.9865620221455613
-0.6086468323770814,-0.5510413483682705
-0.22123719876876216,1.676429114548894
-1.3824474215793923,-1.910215095401522
-0.6026091209323826,0.577424143337949
-1.4566683178256181,1.5497380088259334
2.56386810520624,0.5597697057935092
-1.6755428248791462,0.7063142617096205
-2.1666763569872054,-0.19290716899154575
-0.6275992255875519,0.5483516333865076
0.6981174463458784,0.7819110082457966
-0.32320950999488884,-0.48334196809214325
0.4901557556253703,0.2495150392699365
1.895042796547635,-2.208210951038687
0.08286845848435788,-1.0299489826195145
-2.012542173786483,0.8709224514234944
2.1005063058361007,-3.4141597281556733
1.886136296413792,0.7081241892235148
2.195730017428127,-0.7855259323475382
1.9069302506833286,-0.9437464445896078
-0.3434481369765886,1.2526386744305757
-1.1320644460544955,0.8425096589072264
-0.3710361440164852,0.6704713267553278
0.003494513586655058,0.9875555342398534
-0.36828546433926873,0.491054554457501
-0.6881654147212577,-0.5381441246185864
-1.4667343398732577,0.4177691226368786
-2.3656724233504964,0.8506777633480214
1.9702436376612065,-2.228186138704706
-0.962084530703651,1.2588309977248548
-0.5372202957975205,1.5124627823650967
-1.9722585131798849,-0.6784577108303045
0.06799856137354023,-0.9414473741804321
-0.9669370964851711,-0.737659712184717
-1.9904450111098553,1.2614384132755412
-1.1799147637938787,0.26238483397357976
1.5472322808070471,-0.7086015722423546
1.8002379609797068,0.9814562274212051
0.031451677773531445,0.011799999847835186
-2.4080930886002516,-2.216665100656776
-0.8188428734745963,0.3990381820364245
-0.12948632371402785,1.264912238120105
1.9358316570283698,0.44695692797941733
0.7072837196849401,1.4480261523339948
1.9151313243862376,1.1607469402986113
-0.449115795463828,-1.3530602580216071
-0.6438356790029648,-0.2858463730974698
-1.4356683401202401,-0.04194419564914212
-0.7451935458213317,-0.7492638807278807
1.7930475260242844,-1.6112176301393426
-0.27338687316922267,0.32354818146671427
-1.767041325878585,0.6445640552966024
-0.4587815426469048,0.3110142302896454
-0.4738160155199702,0.16395885945554495
1.8933563289345154,-0.026922930797160582
-0.5222999611092738,-2.02085278186005
1.828514518536253,-0.3763081968438366
0.21060496989094205,-0.9491718107032204
0.6349723827400271,0.6338399414660196
-0.23256049143675675,0.558410170747207
-1.8139636038975162,-0.0066144530400479296
-1.1482241577348027,0.8972723737277746
2.1222385535248334,0.11034520215272647
-0.9725215656357734,1.1101245087461615
-0.03948602555255409,0.9725528140803197
-1.2613484994851576,-1.219053782586421
-1.4248093863917253,-0.7191517722470089
1.9873036398750665,1.1935246560117478
0.5291674960634081,1.2880104373506207
-0.7809646226468484,-1.2257264393151464
0.009915303019338597,1.17002557574121
-1.7278492485639767,-1.4307798266260972
0.33004350363340257,0.06532010077736207
-0.12738860772616858,1.009187579833116
-0.4741753415265483,0.690957230191427
-2.2554697532118384,1.1667120621548273
0.311944827502488,1.340757173934346
-0.747925017797795,2.075617189097852
-1.1203761562137344,0.9274540279820035
0.3884486751964296,1.522778516902239
-0.8485830281933535,-0.06098626980984554
1.9060987064548662,-1.331241829722972
-1.1201341839338002,0.3069209352257602
1.804734082245683,0.6060570487510575
0.18331674657383648,-0.9287110742258666
2.647429993926897,-0.5537635271064822
-1.5983216553528787,0.3650547461825933
0.7273217018596583,1.1029159771706472
-0.007682406964500191,-0.1767425451264168
0.20446646078555353,1.0150508305711954
2.0980757388497575,0.7990023164089812
-0.573335009347623,-1.233444082222842
0.1661657608514112,0.8185086749910121
2.7034196274987967,0.3041210790164779
-2.9769674823208523,-0.6472876972555575
1.2588406486141441,1.0184110247715237
1.821883473702621,0.8365737467522902
2.079100772978344,0.13043491641348656
0.36490534669889996,0.5017987514190306
-1.9466628052413666,0.6360322013857983
1.9508530106948572,-0.879193539693996
-1.4608919007115202,1.2258828041763774
-0.160125006011973,-1.7024036049269318
-0.3253516026891312,-0.24670731014191685
2.1278318038367403,-2.0164025919078954
-1.8468720312064637,1.3949894557921736
-0.23131483956050147,1.0776933979771257
0.49855260513472704,-1.4677957901962637
1.8912354455175142,1.2889730864340332
-1.0207412740970896,-2.465917639152423
-2.058976531573557,0.6468003789498482
2.140671037309889,0.6295366911393302
0.5969749744753865,0.8103637824662056
0.7045948165693576,-0.08006276144622179
0.6737776127954511,-1.6436924009100262
-0.8478140270623205,0.03728532533779198
2.112873102543128,0.8225242069630126
1.996895849598039,-0.2399972371421718
-0.6345530074061103,0.23510780406650778
2.0181578793078634,-0.748389516862482
2.0938598103736705,1.2023474345472456
-1.7189417361874446,-0.4490718765524113
-1.4124577051693954,0.8571243718126215
2.0937667373360935,1.4874654093234156
-0.5958248731743344,0.3762653908303117
-1.8867803270695453,-2.5023437412770617
2.0412937245310427,0.7558892524496706
2.2877829361134636,0.841418826953046
0.28114476011146605,1.0076113957514201
-0.6550266043808112,0.8162745458442123
-0.818781872932689,-1.0151643931957428
1.9114294906922913,-0.21867282956903314
1.8844346853252305,-0.30863550942624646
2.158718804580516,-0.9377002331024863
-2.025067779629051,-2.088285294019939
-0.09894627407295103,-0.8330434366793016
1.8604975203008858,1.2734890014759253
0.15466232707953215,-0.6621097680339696
-1.4500322874655491,-0.5166424348162278
2.061971789734172,0.029600997325155764
-1.4878204746977666,-0.0658614081958708
2.0303468022636024,1.2376983251512585
-0.22096696222542944,1.3827769333143307
-0.7723912786977398,-0.6195940040892484
1.8302259750465797,-0.2310000682358287
-0.4777917702612619,-1.4083483213005803
-0.10360510985195166,-0.7896827630463361
-0.29252008618771036,-0.7239335699193841
0.5098761522433019,1.1553355361082494
-2.4346647224625437,0.16069498266603374
-0.7016551103353456,0.5726190441547522
2.042389051692054,-0.4888761431252529
1.2163605208712647,-2.4036180485938448
1.9123597882112755,0.44652232618218524
0.1423497148233028,-0.3044896572695255
0.042099738660469795,0.9397802202773089
-0.5271792395377147,1.429582358438059
-0.40709212701008457,1.295900430387618
-0.5254959021899913,0.7142663114430056
2.5263116816440654,-0.21537506999817502
-2.607285264425388,-1.8027089960735607
-0.12347292299707673,-0.31775968715127223
-1.6949150011996459,0.2704690490666529
-2.1437448971394133,0.6356950425960557
-1.656602409963273,0.02584838612952932
0.08758793444625859,-0.025727126509800607
-1.7089540654096813,-2.1829759805576208
-0.6395440469200437,0.16412045030214453
-1.4203720901752837,0.7419062925167925
-0.5366379460548963,-2.5661883727852186
0.04815852524844354,-0.6762611863726112
-0.7153824013277338,-0.40102764516581324
1.8789262173022188,-0.36982321110697136
-1.7663719312659416,-2.126517876380801
-2.5452896306002044,0.8780788899284419
-2.1916396404700538,-1.0156811084699255
1.874097642491082,-1.8981746414159923
-0.7386688136476871,0.899052885950444
-1.4119475478725498,0.6905123359409507
-1.0236198682763875,-0.23564029429347266
0.4729064523602568,0.5290678192122464
-0.11884078687585489,-0.2676875142924177
1.7987234351239674,0.7782965295926558
1.9579454003914958,-2.0765004689377577
-0.018434955350496524,-1.44124072981993
-0.2841699765552738,-0.8027261401653731
-1.929629234668515,-0.3992546694512316
-0.18878001633264144,-0.5396894661223646
0.16738816117840938,0.8598504074887726
1.4589490617081844,0.10723794262100296
-1.8585551163752492,-0.6577125537928037
2.2179659715333013,0.42418701543333254
1.8029173782495425,-0.2368316705245454
-0.38038960141624034,-0.8952389324256798
-0.29471903576613173,-2.108392678747063
-0.7493402501864284,0.7886191257461573
-1.7566401722954843,-0.2715877274197702
0.06574988480715288,-0.6656479294053514
1.9927636358620768,-0.779781082419359
-0.2720182054671646,0.29259103153904376
-0.05909277378337801,1.2977725087044594
1.9672547268310983,-1.6873316948772201
-1.0992984343593335,1.619995348387341
2.647319425494823,0.17185882487494183
2.0060138381955457,-0.04325845609235923
0.30805165410454466,-1.1575354335161834
-1.7188740974598482,1.1140621280870677
-0.4224364823221728,-1.7735172507199
-0.17185874792434663,1.1306802998784975
-0.8072162642499839,0.8020681011108376
-1.1774271246539676,0.5815375024485903
0.24802247300897143,-2.547796299848431
1.9878790354669693,-1.167752034427531
-0.1470429773853752,-0.3059748848919351
2.016032060435776,-0.6267528418822134
2.171500171119647,1.0319637517117641
0.5359746726966127,1.3852842557864917
-0.9414529265860411,-1.9106551348704846
-1.4717724296950365,-0.3592462995150053
0.7083209844897417,-0.041781170553547325
-1.0872745490070208,0.9449363168333759
2.029409990232392,0.8986926967107995
0.4148281133950414,1.3671213900382653
1.5641674903313758,0.9891302563182061
-0.967291339623092,-2.423326668053655
0.11754342220307708,-2.1067801499782943
-0.5481620816621549,-0.41857049891205866
1.9457626584265262,0.939680953792114
-1.3629359965521388,-0.2048832625261176
-1.1659710041804763,-0.4855019528095843
2.5817899111946363,1.4246862962645819
0.22354057760636425,1.5243450695278065
0.7214074766530224,-1.1497215036629096
-0.4300828502195638,1.026858821646113
-0.23007201805632582,-1.9838563368705755
-1.8263410020618356,0.6543621717748173
-1.5330224364889553,1.7141023830735356
2.1317523776971523,1.60288568319426
-0.5155252700546138,0.3927288867126143
-1.611466175465488,-0.7344920729208878
-1.3456371257577364,-0.5272130692989875
0.2395541913581934,-1.5060627144680963
1.9510117762162362,1.3938042235935908
0.2798531575491608,0.0905856120395679
1.8578948576893566,-1.2315701660014393
-2.5080313979150275,1.0534445964164414
-0.625575814037507,-2.1936755749317722
-1.8659465333250904,-0.25334594847979125
0.03480156658476441,0.6434322476924885
-2.807230719880694,-0.6777404212945802
-0.06859919503726776,1.2351121384233377
-1.170619315651024,0.5353543484063951
-1.7494732059593092,-0.839856201276258
-0.3482164047278359,0.5728357788786183
0.03870437535503206,0.06746262820892715
1.8478505838713373,0.23269790554841696
2.0952517657427863,-1.9618765721629172
-0.4031056215328727,0.3792066910277176
-0.162024799629817,0.1627235007170444
-0.32148709124649144,0.524836611616571
1.842115852555433,-1.5300447233000782
